"POST /api/auth/generate-username/ HTTP/1.1" 200 32
"POST /api/auth/register/ HTTP/1.1" 201 830
"POST /api/auth/generate-username/ HTTP/1.1" 200 32
Watching for file changes with StatReloader
Unauthorized: /api/auth/profile/
"GET /api/auth/profile/ HTTP/1.1" 401 58
Unauthorized: /api/auth/profile/
"GET /api/auth/profile/ HTTP/1.1" 401 58
Not Found: /
"GET / HTTP/1.1" 404 3281
Not Found: /
"GET / HTTP/1.1" 404 3281
Not Found: /
"GET / HTTP/1.1" 404 3281
Unauthorized: /api/auth/profile/
"GET /api/auth/profile/ HTTP/1.1" 401 58
Not Found: /
"GET / HTTP/1.1" 404 3281
Not Found: /
"GET / HTTP/1.1" 404 3281
Not Found: /
"GET / HTTP/1.1" 404 3281
Not Found: /
"GET / HTTP/1.1" 404 3281
Not Found: /
"GET / HTTP/1.1" 404 3281
Not Found: /
"GET / HTTP/1.1" 404 3281
Not Found: /
"GET / HTTP/1.1" 404 3281
Not Found: /
"GET / HTTP/1.1" 404 3281
Not Found: /
"GET / HTTP/1.1" 404 3281
Watching for file changes with StatReloader
Unauthorized: /api/auth/profile/
"GET /api/auth/profile/ HTTP/1.1" 401 58
"GET /api/listings/?featured=true&page=1 HTTP/1.1" 200 52
Unauthorized: /api/auth/profile/
"GET /api/auth/profile/ HTTP/1.1" 401 58
"GET /api/listings/?page=1&ordering=-created_at HTTP/1.1" 200 52
"GET /api/listings/?page=1&ordering=-created_at HTTP/1.1" 200 52
Unauthorized: /api/auth/profile/
"GET /api/auth/profile/ HTTP/1.1" 401 58
"GET /api/bounties/?status=open HTTP/1.1" 200 52
Unauthorized: /api/auth/profile/
"GET /api/auth/profile/ HTTP/1.1" 401 58
"GET /api/bounties/?status=open HTTP/1.1" 200 52
"POST /api/auth/generate-username/ HTTP/1.1" 200 34
Unauthorized: /api/auth/profile/
"GET /api/auth/profile/ HTTP/1.1" 401 58
"GET /api/listings/?featured=true&page=1 HTTP/1.1" 200 52
Watching for file changes with StatReloader
Unauthorized: /api/auth/profile/
"GET /api/listings/?featured=true&page=1 HTTP/1.1" 200 52
"GET /api/auth/profile/ HTTP/1.1" 401 58
Not Found: /
"GET / HTTP/1.1" 404 3469
Unauthorized: /api/auth/profile/
"GET /api/auth/profile/ HTTP/1.1" 401 58
"GET /api/listings/?featured=true&page=1 HTTP/1.1" 200 52
Unauthorized: /api/auth/profile/
"GET /api/auth/profile/ HTTP/1.1" 401 58
"GET /api/listings/?featured=true&page=1 HTTP/1.1" 200 52
Unauthorized: /api/auth/profile/
"GET /api/auth/profile/ HTTP/1.1" 401 58
"GET /api/listings/?featured=true&page=1 HTTP/1.1" 200 52
Unauthorized: /api/auth/profile/
"GET /api/auth/profile/ HTTP/1.1" 401 58
"GET /api/listings/?featured=true&page=1 HTTP/1.1" 200 52
Unauthorized: /api/auth/profile/
"GET /api/auth/profile/ HTTP/1.1" 401 58
"GET /api/listings/?featured=true&page=1 HTTP/1.1" 200 52
Unauthorized: /api/auth/profile/
"GET /api/auth/profile/ HTTP/1.1" 401 58
"GET /api/listings/?featured=true&page=1 HTTP/1.1" 200 52
Unauthorized: /api/auth/profile/
"GET /api/auth/profile/ HTTP/1.1" 401 58
"GET /api/listings/?page=1&ordering=-created_at HTTP/1.1" 200 52
"GET /api/listings/?page=1&ordering=-created_at HTTP/1.1" 200 52
Unauthorized: /api/auth/profile/
"GET /api/auth/profile/ HTTP/1.1" 401 58
"GET /api/bounties/?status=open HTTP/1.1" 200 52
Unauthorized: /api/auth/profile/
"GET /api/auth/profile/ HTTP/1.1" 401 58
Unauthorized: /api/auth/profile/
"GET /api/auth/profile/ HTTP/1.1" 401 58
Unauthorized: /api/auth/profile/
"GET /api/auth/profile/ HTTP/1.1" 401 58
"GET /api/listings/?featured=true&page=1 HTTP/1.1" 200 52
Unauthorized: /api/auth/profile/
"GET /api/auth/profile/ HTTP/1.1" 401 58
Unauthorized: /api/auth/profile/
"GET /api/auth/profile/ HTTP/1.1" 401 58
"GET /api/listings/?featured=true&page=1 HTTP/1.1" 200 52
Unauthorized: /api/auth/profile/
"GET /api/auth/profile/ HTTP/1.1" 401 58
"GET /api/listings/?page=1&ordering=-created_at HTTP/1.1" 200 52
"GET /api/listings/?page=1&ordering=-created_at HTTP/1.1" 200 52
"GET /api/bounties/?status=open HTTP/1.1" 200 52
"GET /api/bounties/?status=open HTTP/1.1" 200 52
"GET /api/listings/?page=1&ordering=-created_at HTTP/1.1" 200 52
"GET /api/listings/?page=1&ordering=-created_at HTTP/1.1" 200 52
"GET /api/listings/?page=1&ordering=-created_at HTTP/1.1" 200 52
Bad Request: /api/listings/
"GET /api/listings/?page=1&ordering=-created_at&category=Forex HTTP/1.1" 400 88
Unauthorized: /api/auth/profile/
"GET /api/auth/profile/ HTTP/1.1" 401 58
"GET /api/listings/?featured=true&page=1 HTTP/1.1" 200 52
Unauthorized: /api/auth/profile/
"GET /api/auth/profile/ HTTP/1.1" 401 58
"GET /api/listings/?page=1&ordering=-created_at HTTP/1.1" 200 52
"GET /api/listings/?page=1&ordering=-created_at HTTP/1.1" 200 52
Unauthorized: /api/auth/profile/
"GET /api/auth/profile/ HTTP/1.1" 401 58
Unauthorized: /api/auth/profile/
"GET /api/auth/profile/ HTTP/1.1" 401 58
Unauthorized: /api/auth/profile/
"GET /api/auth/profile/ HTTP/1.1" 401 58
Unauthorized: /api/auth/profile/
"GET /api/auth/profile/ HTTP/1.1" 401 58
"GET /api/listings/?featured=true&page=1 HTTP/1.1" 200 52
"GET /api/listings/?page=1&ordering=-created_at HTTP/1.1" 200 52
"GET /api/listings/?page=1&ordering=-created_at HTTP/1.1" 200 52
"GET /api/listings/?page=1&ordering=-created_at HTTP/1.1" 200 52
Bad Request: /api/listings/
"GET /api/listings/?page=1&ordering=-created_at&category=Forex HTTP/1.1" 400 88
Bad Request: /api/listings/
"GET /api/listings/?page=1&ordering=-created_at&category=Crypto HTTP/1.1" 400 88
Bad Request: /api/listings/
"GET /api/listings/?page=1&ordering=-created_at&category=E-commerce HTTP/1.1" 400 88
Bad Request: /api/listings/
"GET /api/listings/?page=1&ordering=-created_at&category=Freelancing HTTP/1.1" 400 88
Bad Request: /api/listings/
"GET /api/listings/?page=1&ordering=-created_at&category=Affiliate HTTP/1.1" 400 88
Bad Request: /api/listings/
"GET /api/listings/?page=1&ordering=-created_at&category=Real+Estate HTTP/1.1" 400 88
Bad Request: /api/listings/
"GET /api/listings/?page=1&ordering=-created_at&category=Other HTTP/1.1" 400 88
"GET /api/bounties/?status=open HTTP/1.1" 200 52
"GET /api/bounties/?status=open HTTP/1.1" 200 52
"GET /api/bounties/?status=in_progress HTTP/1.1" 200 52
"GET /api/bounties/?status=completed HTTP/1.1" 200 52
"GET /api/listings/?page=1&ordering=-created_at HTTP/1.1" 200 52
"GET /api/listings/?page=1&ordering=-created_at HTTP/1.1" 200 52
"GET /api/listings/?page=1&ordering=-created_at HTTP/1.1" 200 52
"GET /api/listings/?featured=true&page=1 HTTP/1.1" 200 52
"GET /api/listings/?featured=true&page=1 HTTP/1.1" 200 52
"GET /api/listings/?featured=true&page=1 HTTP/1.1" 200 52
"GET /api/listings/?featured=true&page=1 HTTP/1.1" 200 52
"POST /api/auth/generate-username/ HTTP/1.1" 200 32
"OPTIONS /api/auth/register/ HTTP/1.1" 200 0
"POST /api/auth/register/ HTTP/1.1" 201 1286
"OPTIONS /api/auth/stats/ HTTP/1.1" 200 0
"OPTIONS /api/transactions/ HTTP/1.1" 200 0
"OPTIONS /api/listings/my/ HTTP/1.1" 200 0
"OPTIONS /api/listings/my/ HTTP/1.1" 200 0
"GET /api/listings/my/ HTTP/1.1" 200 52
"OPTIONS /api/transactions/ HTTP/1.1" 200 0
"GET /api/transactions/ HTTP/1.1" 200 52
"GET /api/listings/my/ HTTP/1.1" 200 52
"GET /api/transactions/ HTTP/1.1" 200 52
"GET /api/auth/stats/ HTTP/1.1" 200 167
"GET /api/auth/stats/ HTTP/1.1" 200 167
"OPTIONS /api/auth/profile/ HTTP/1.1" 200 0
"GET /api/auth/profile/ HTTP/1.1" 200 784
"GET /api/listings/my/ HTTP/1.1" 200 52
"GET /api/transactions/ HTTP/1.1" 200 52
"GET /api/auth/stats/ HTTP/1.1" 200 167
"OPTIONS /api/auth/login/ HTTP/1.1" 200 0
Bad Request: /api/auth/login/
"POST /api/auth/login/ HTTP/1.1" 400 44
Bad Request: /api/auth/login/
"POST /api/auth/login/ HTTP/1.1" 400 44
"OPTIONS /api/listings/?page=1&ordering=-created_at HTTP/1.1" 200 0
"OPTIONS /api/listings/?page=1&ordering=-created_at HTTP/1.1" 200 0
"GET /api/listings/?page=1&ordering=-created_at HTTP/1.1" 200 52
"GET /api/listings/?page=1&ordering=-created_at HTTP/1.1" 200 52
"GET /api/listings/?page=1&ordering=-created_at HTTP/1.1" 200 52
"GET /api/listings/?page=1&ordering=-created_at HTTP/1.1" 200 52
"GET /api/listings/?page=1&ordering=-created_at HTTP/1.1" 200 52
"GET /api/listings/?page=1&ordering=-created_at HTTP/1.1" 200 52
"GET /api/listings/?page=1&ordering=-created_at HTTP/1.1" 200 52
"GET /api/listings/?page=1&ordering=-created_at HTTP/1.1" 200 52
"GET /api/listings/?page=1&ordering=-created_at HTTP/1.1" 200 52
"OPTIONS /api/listings/?featured=true&page=1 HTTP/1.1" 200 0
"OPTIONS /api/listings/?featured=true&page=1 HTTP/1.1" 200 0
"GET /api/listings/?featured=true&page=1 HTTP/1.1" 200 52
"GET /api/listings/?featured=true&page=1 HTTP/1.1" 200 52
"OPTIONS /api/auth/generate-username/ HTTP/1.1" 200 0
"POST /api/auth/generate-username/ HTTP/1.1" 200 32
"POST /api/auth/register/ HTTP/1.1" 201 1286
"GET /api/listings/my/ HTTP/1.1" 200 52
"GET /api/transactions/ HTTP/1.1" 200 52
"GET /api/listings/my/ HTTP/1.1" 200 52
"GET /api/auth/stats/ HTTP/1.1" 200 167
"GET /api/transactions/ HTTP/1.1" 200 52
"GET /api/auth/stats/ HTTP/1.1" 200 167
"OPTIONS /api/chat/rooms/ HTTP/1.1" 200 0
"OPTIONS /api/chat/rooms/ HTTP/1.1" 200 0
"GET /api/chat/rooms/ HTTP/1.1" 200 52
"GET /api/chat/rooms/ HTTP/1.1" 200 52
"GET /api/listings/my/ HTTP/1.1" 200 52
"GET /api/transactions/ HTTP/1.1" 200 52
"GET /api/auth/stats/ HTTP/1.1" 200 167
"GET /api/listings/my/ HTTP/1.1" 200 52
"GET /api/transactions/ HTTP/1.1" 200 52
"GET /api/auth/stats/ HTTP/1.1" 200 167
"OPTIONS /api/bounties/?status=open HTTP/1.1" 200 0
"OPTIONS /api/bounties/?status=open HTTP/1.1" 200 0
"GET /api/bounties/?status=open HTTP/1.1" 200 52
"GET /api/bounties/?status=open HTTP/1.1" 200 52
"OPTIONS /api/bounties/?status=in_progress HTTP/1.1" 200 0
"GET /api/bounties/?status=in_progress HTTP/1.1" 200 52
"GET /api/listings/my/ HTTP/1.1" 200 52
"GET /api/transactions/ HTTP/1.1" 200 52
"GET /api/transactions/ HTTP/1.1" 200 52
"GET /api/auth/stats/ HTTP/1.1" 200 167
"GET /api/listings/my/ HTTP/1.1" 200 52
"GET /api/auth/stats/ HTTP/1.1" 200 167
"GET /api/listings/?page=1&ordering=-created_at HTTP/1.1" 200 52
"GET /api/listings/?page=1&ordering=-created_at HTTP/1.1" 200 52
"GET /api/listings/?page=1&ordering=-created_at HTTP/1.1" 200 52
"GET /api/transactions/ HTTP/1.1" 200 52
"GET /api/listings/my/ HTTP/1.1" 200 52
"GET /api/transactions/ HTTP/1.1" 200 52
"GET /api/listings/my/ HTTP/1.1" 200 52
"GET /api/auth/stats/ HTTP/1.1" 200 167
"GET /api/auth/stats/ HTTP/1.1" 200 167
"GET /api/chat/rooms/ HTTP/1.1" 200 52
"GET /api/chat/rooms/ HTTP/1.1" 200 52
"GET /api/listings/my/ HTTP/1.1" 200 52
"GET /api/transactions/ HTTP/1.1" 200 52
"GET /api/listings/my/ HTTP/1.1" 200 52
"GET /api/auth/stats/ HTTP/1.1" 200 167
"GET /api/transactions/ HTTP/1.1" 200 52
"GET /api/auth/stats/ HTTP/1.1" 200 167
"OPTIONS /api/transactions/stakes/ HTTP/1.1" 200 0
"OPTIONS /api/transactions/stakes/ HTTP/1.1" 200 0
"GET /api/transactions/stakes/ HTTP/1.1" 200 52
"GET /api/auth/stats/ HTTP/1.1" 200 167
"GET /api/transactions/stakes/ HTTP/1.1" 200 52
"GET /api/auth/stats/ HTTP/1.1" 200 167
Not Found: /accounts/login/
"GET /accounts/login/ HTTP/1.1" 404 3532
Not Found: /accounts/signup/
"GET /accounts/signup/ HTTP/1.1" 404 3535
Not Found: /accounts/login/
"GET /accounts/login/ HTTP/1.1" 404 3532
"OPTIONS /api/listings/?page=1&ordering=-created_at HTTP/1.1" 200 0
"OPTIONS /api/listings/?page=1&ordering=-created_at HTTP/1.1" 200 0
Unauthorized: /api/listings/
"GET /api/listings/?page=1&ordering=-created_at HTTP/1.1" 401 172
Unauthorized: /api/listings/
"GET /api/listings/?page=1&ordering=-created_at HTTP/1.1" 401 172
"OPTIONS /api/auth/token/refresh/ HTTP/1.1" 200 0
"POST /api/auth/token/refresh/ HTTP/1.1" 200 483
"GET /api/listings/?page=1&ordering=-created_at HTTP/1.1" 200 52
"POST /api/auth/token/refresh/ HTTP/1.1" 200 483
"GET /api/listings/?page=1&ordering=-created_at HTTP/1.1" 200 52
"GET /api/listings/?page=1&ordering=-created_at HTTP/1.1" 200 52
"OPTIONS /api/listings/?page=1&ordering=-created_at&category=Forex HTTP/1.1" 200 0
Bad Request: /api/listings/
"GET /api/listings/?page=1&ordering=-created_at&category=Forex HTTP/1.1" 400 88
"OPTIONS /api/listings/?page=1&ordering=-created_at&category=Crypto HTTP/1.1" 200 0
Bad Request: /api/listings/
"GET /api/listings/?page=1&ordering=-created_at&category=Crypto HTTP/1.1" 400 88
"OPTIONS /api/listings/?page=1&ordering=-created_at&category=E-commerce HTTP/1.1" 200 0
Bad Request: /api/listings/
"GET /api/listings/?page=1&ordering=-created_at&category=E-commerce HTTP/1.1" 400 88
"OPTIONS /api/listings/?page=1&ordering=-created_at&category=Freelancing HTTP/1.1" 200 0
Bad Request: /api/listings/
"GET /api/listings/?page=1&ordering=-created_at&category=Freelancing HTTP/1.1" 400 88
"OPTIONS /api/listings/?page=1&ordering=-created_at&category=Affiliate HTTP/1.1" 200 0
Bad Request: /api/listings/
"GET /api/listings/?page=1&ordering=-created_at&category=Affiliate HTTP/1.1" 400 88
"OPTIONS /api/listings/?page=1&ordering=-created_at&category=Real+Estate HTTP/1.1" 200 0
Bad Request: /api/listings/
"GET /api/listings/?page=1&ordering=-created_at&category=Real+Estate HTTP/1.1" 400 88
"OPTIONS /api/listings/?page=1&ordering=-created_at&category=Other HTTP/1.1" 200 0
Bad Request: /api/listings/
"GET /api/listings/?page=1&ordering=-created_at&category=Other HTTP/1.1" 400 88
"OPTIONS /api/auth/login/ HTTP/1.1" 200 0
Bad Request: /api/auth/login/
"POST /api/auth/login/ HTTP/1.1" 400 44
"GET /api/listings/?page=1&ordering=-created_at HTTP/1.1" 200 52
"GET /api/listings/?page=1&ordering=-created_at HTTP/1.1" 200 52
"GET /api/listings/?page=1&ordering=-created_at HTTP/1.1" 200 52
"GET /api/listings/?page=1&ordering=-created_at HTTP/1.1" 200 52
"GET /api/listings/?page=1&ordering=-created_at HTTP/1.1" 200 52
"GET /api/listings/?page=1&ordering=-created_at HTTP/1.1" 200 52
"OPTIONS /api/bounties/?status=open HTTP/1.1" 200 0
"OPTIONS /api/bounties/?status=open HTTP/1.1" 200 0
"GET /api/bounties/?status=open HTTP/1.1" 200 52
"GET /api/bounties/?status=open HTTP/1.1" 200 52
"OPTIONS /api/bounties/?status=in_progress HTTP/1.1" 200 0
"GET /api/bounties/?status=in_progress HTTP/1.1" 200 52
"OPTIONS /api/bounties/?status=completed HTTP/1.1" 200 0
"GET /api/bounties/?status=completed HTTP/1.1" 200 52
"GET /api/listings/?page=1&ordering=-created_at HTTP/1.1" 200 52
"GET /api/listings/?page=1&ordering=-created_at HTTP/1.1" 200 52
"GET /api/listings/?page=1&ordering=-created_at HTTP/1.1" 200 52
"OPTIONS /api/auth/register/ HTTP/1.1" 200 0
"POST /api/auth/register/ HTTP/1.1" 201 1278
"OPTIONS /api/auth/stats/ HTTP/1.1" 200 0
"OPTIONS /api/listings/my/ HTTP/1.1" 200 0
"OPTIONS /api/transactions/ HTTP/1.1" 200 0
"OPTIONS /api/transactions/ HTTP/1.1" 200 0
"GET /api/transactions/ HTTP/1.1" 200 52
"GET /api/auth/stats/ HTTP/1.1" 200 167
"GET /api/listings/my/ HTTP/1.1" 200 52
"GET /api/transactions/ HTTP/1.1" 200 52
"GET /api/auth/stats/ HTTP/1.1" 200 167
"GET /api/listings/my/ HTTP/1.1" 200 52
"GET /api/listings/?page=1&ordering=-created_at HTTP/1.1" 200 52
"GET /api/listings/?page=1&ordering=-created_at HTTP/1.1" 200 52
"GET /api/listings/?page=1&ordering=-created_at HTTP/1.1" 200 52
C:\Users\HomePC\Desktop\FREELANCING_AIMPROJECT\backend\authentication\models.py changed, reloading.
Watching for file changes with StatReloader
Internal Server Error: /api/listings/
Traceback (most recent call last):
  File "C:\Users\HomePC\Desktop\FREELANCING_AIMPROJECT\backend\venv\Lib\site-packages\django\db\backends\utils.py", line 105, in _execute
    return self.cursor.execute(sql, params)
           ^^^^^^^^^^^^^^^^^^^^^^^^^^^^^^^^
  File "C:\Users\HomePC\Desktop\FREELANCING_AIMPROJECT\backend\venv\Lib\site-packages\django\db\backends\sqlite3\base.py", line 359, in execute
    return super().execute(query, params)
           ^^^^^^^^^^^^^^^^^^^^^^^^^^^^^^
sqlite3.OperationalError: no such column: authentication_user.user_type

The above exception was the direct cause of the following exception:

Traceback (most recent call last):
  File "C:\Users\HomePC\Desktop\FREELANCING_AIMPROJECT\backend\venv\Lib\site-packages\django\core\handlers\exception.py", line 55, in inner
    response = get_response(request)
               ^^^^^^^^^^^^^^^^^^^^^
  File "C:\Users\HomePC\Desktop\FREELANCING_AIMPROJECT\backend\venv\Lib\site-packages\django\core\handlers\base.py", line 198, in _get_response
    response = wrapped_callback(request, *callback_args, **callback_kwargs)
               ^^^^^^^^^^^^^^^^^^^^^^^^^^^^^^^^^^^^^^^^^^^^^^^^^^^^^^^^^^^^
  File "C:\Users\HomePC\Desktop\FREELANCING_AIMPROJECT\backend\venv\Lib\site-packages\django\views\decorators\csrf.py", line 65, in _view_wrapper
    return view_func(request, *args, **kwargs)
           ^^^^^^^^^^^^^^^^^^^^^^^^^^^^^^^^^^^
  File "C:\Users\HomePC\Desktop\FREELANCING_AIMPROJECT\backend\venv\Lib\site-packages\django\views\generic\base.py", line 106, in view
    return self.dispatch(request, *args, **kwargs)
           ^^^^^^^^^^^^^^^^^^^^^^^^^^^^^^^^^^^^^^^
  File "C:\Users\HomePC\Desktop\FREELANCING_AIMPROJECT\backend\venv\Lib\site-packages\rest_framework\views.py", line 515, in dispatch
    response = self.handle_exception(exc)
               ^^^^^^^^^^^^^^^^^^^^^^^^^^
  File "C:\Users\HomePC\Desktop\FREELANCING_AIMPROJECT\backend\venv\Lib\site-packages\rest_framework\views.py", line 475, in handle_exception
    self.raise_uncaught_exception(exc)
  File "C:\Users\HomePC\Desktop\FREELANCING_AIMPROJECT\backend\venv\Lib\site-packages\rest_framework\views.py", line 486, in raise_uncaught_exception
    raise exc
  File "C:\Users\HomePC\Desktop\FREELANCING_AIMPROJECT\backend\venv\Lib\site-packages\rest_framework\views.py", line 503, in dispatch
    self.initial(request, *args, **kwargs)
  File "C:\Users\HomePC\Desktop\FREELANCING_AIMPROJECT\backend\venv\Lib\site-packages\rest_framework\views.py", line 420, in initial
    self.perform_authentication(request)
  File "C:\Users\HomePC\Desktop\FREELANCING_AIMPROJECT\backend\venv\Lib\site-packages\rest_framework\views.py", line 330, in perform_authentication
    request.user
  File "C:\Users\HomePC\Desktop\FREELANCING_AIMPROJECT\backend\venv\Lib\site-packages\rest_framework\request.py", line 232, in user
    self._authenticate()
  File "C:\Users\HomePC\Desktop\FREELANCING_AIMPROJECT\backend\venv\Lib\site-packages\rest_framework\request.py", line 385, in _authenticate
    user_auth_tuple = authenticator.authenticate(self)
                      ^^^^^^^^^^^^^^^^^^^^^^^^^^^^^^^^
  File "C:\Users\HomePC\Desktop\FREELANCING_AIMPROJECT\backend\venv\Lib\site-packages\rest_framework_simplejwt\authentication.py", line 51, in authenticate
    return self.get_user(validated_token), validated_token
           ^^^^^^^^^^^^^^^^^^^^^^^^^^^^^^
  File "C:\Users\HomePC\Desktop\FREELANCING_AIMPROJECT\backend\venv\Lib\site-packages\rest_framework_simplejwt\authentication.py", line 130, in get_user
    user = self.user_model.objects.get(**{api_settings.USER_ID_FIELD: user_id})
           ^^^^^^^^^^^^^^^^^^^^^^^^^^^^^^^^^^^^^^^^^^^^^^^^^^^^^^^^^^^^^^^^^^^^
  File "C:\Users\HomePC\Desktop\FREELANCING_AIMPROJECT\backend\venv\Lib\site-packages\django\db\models\manager.py", line 87, in manager_method
    return getattr(self.get_queryset(), name)(*args, **kwargs)
           ^^^^^^^^^^^^^^^^^^^^^^^^^^^^^^^^^^^^^^^^^^^^^^^^^^^
  File "C:\Users\HomePC\Desktop\FREELANCING_AIMPROJECT\backend\venv\Lib\site-packages\django\db\models\query.py", line 635, in get
    num = len(clone)
          ^^^^^^^^^^
  File "C:\Users\HomePC\Desktop\FREELANCING_AIMPROJECT\backend\venv\Lib\site-packages\django\db\models\query.py", line 372, in __len__
    self._fetch_all()
  File "C:\Users\HomePC\Desktop\FREELANCING_AIMPROJECT\backend\venv\Lib\site-packages\django\db\models\query.py", line 2000, in _fetch_all
    self._result_cache = list(self._iterable_class(self))
                         ^^^^^^^^^^^^^^^^^^^^^^^^^^^^^^^^
  File "C:\Users\HomePC\Desktop\FREELANCING_AIMPROJECT\backend\venv\Lib\site-packages\django\db\models\query.py", line 95, in __iter__
    results = compiler.execute_sql(
              ^^^^^^^^^^^^^^^^^^^^^
  File "C:\Users\HomePC\Desktop\FREELANCING_AIMPROJECT\backend\venv\Lib\site-packages\django\db\models\sql\compiler.py", line 1624, in execute_sql
    cursor.execute(sql, params)
  File "C:\Users\HomePC\Desktop\FREELANCING_AIMPROJECT\backend\venv\Lib\site-packages\django\db\backends\utils.py", line 122, in execute
    return super().execute(sql, params)
           ^^^^^^^^^^^^^^^^^^^^^^^^^^^^
  File "C:\Users\HomePC\Desktop\FREELANCING_AIMPROJECT\backend\venv\Lib\site-packages\django\db\backends\utils.py", line 79, in execute
    return self._execute_with_wrappers(
           ^^^^^^^^^^^^^^^^^^^^^^^^^^^^
  File "C:\Users\HomePC\Desktop\FREELANCING_AIMPROJECT\backend\venv\Lib\site-packages\django\db\backends\utils.py", line 92, in _execute_with_wrappers
    return executor(sql, params, many, context)
           ^^^^^^^^^^^^^^^^^^^^^^^^^^^^^^^^^^^^
  File "C:\Users\HomePC\Desktop\FREELANCING_AIMPROJECT\backend\venv\Lib\site-packages\django\db\backends\utils.py", line 100, in _execute
    with self.db.wrap_database_errors:
  File "C:\Users\HomePC\Desktop\FREELANCING_AIMPROJECT\backend\venv\Lib\site-packages\django\db\utils.py", line 94, in __exit__
    raise dj_exc_value.with_traceback(traceback) from exc_value
  File "C:\Users\HomePC\Desktop\FREELANCING_AIMPROJECT\backend\venv\Lib\site-packages\django\db\backends\utils.py", line 105, in _execute
    return self.cursor.execute(sql, params)
           ^^^^^^^^^^^^^^^^^^^^^^^^^^^^^^^^
  File "C:\Users\HomePC\Desktop\FREELANCING_AIMPROJECT\backend\venv\Lib\site-packages\django\db\backends\sqlite3\base.py", line 359, in execute
    return super().execute(query, params)
           ^^^^^^^^^^^^^^^^^^^^^^^^^^^^^^
django.db.utils.OperationalError: no such column: authentication_user.user_type
"GET /api/listings/?page=1&ordering=-created_at HTTP/1.1" 500 28630
Internal Server Error: /api/listings/
Traceback (most recent call last):
  File "C:\Users\HomePC\Desktop\FREELANCING_AIMPROJECT\backend\venv\Lib\site-packages\django\db\backends\utils.py", line 105, in _execute
    return self.cursor.execute(sql, params)
           ^^^^^^^^^^^^^^^^^^^^^^^^^^^^^^^^
  File "C:\Users\HomePC\Desktop\FREELANCING_AIMPROJECT\backend\venv\Lib\site-packages\django\db\backends\sqlite3\base.py", line 359, in execute
    return super().execute(query, params)
           ^^^^^^^^^^^^^^^^^^^^^^^^^^^^^^
sqlite3.OperationalError: no such column: authentication_user.user_type

The above exception was the direct cause of the following exception:

Traceback (most recent call last):
  File "C:\Users\HomePC\Desktop\FREELANCING_AIMPROJECT\backend\venv\Lib\site-packages\django\core\handlers\exception.py", line 55, in inner
    response = get_response(request)
               ^^^^^^^^^^^^^^^^^^^^^
  File "C:\Users\HomePC\Desktop\FREELANCING_AIMPROJECT\backend\venv\Lib\site-packages\django\core\handlers\base.py", line 198, in _get_response
    response = wrapped_callback(request, *callback_args, **callback_kwargs)
               ^^^^^^^^^^^^^^^^^^^^^^^^^^^^^^^^^^^^^^^^^^^^^^^^^^^^^^^^^^^^
  File "C:\Users\HomePC\Desktop\FREELANCING_AIMPROJECT\backend\venv\Lib\site-packages\django\views\decorators\csrf.py", line 65, in _view_wrapper
    return view_func(request, *args, **kwargs)
           ^^^^^^^^^^^^^^^^^^^^^^^^^^^^^^^^^^^
  File "C:\Users\HomePC\Desktop\FREELANCING_AIMPROJECT\backend\venv\Lib\site-packages\django\views\generic\base.py", line 106, in view
    return self.dispatch(request, *args, **kwargs)
           ^^^^^^^^^^^^^^^^^^^^^^^^^^^^^^^^^^^^^^^
  File "C:\Users\HomePC\Desktop\FREELANCING_AIMPROJECT\backend\venv\Lib\site-packages\rest_framework\views.py", line 515, in dispatch
    response = self.handle_exception(exc)
               ^^^^^^^^^^^^^^^^^^^^^^^^^^
  File "C:\Users\HomePC\Desktop\FREELANCING_AIMPROJECT\backend\venv\Lib\site-packages\rest_framework\views.py", line 475, in handle_exception
    self.raise_uncaught_exception(exc)
  File "C:\Users\HomePC\Desktop\FREELANCING_AIMPROJECT\backend\venv\Lib\site-packages\rest_framework\views.py", line 486, in raise_uncaught_exception
    raise exc
  File "C:\Users\HomePC\Desktop\FREELANCING_AIMPROJECT\backend\venv\Lib\site-packages\rest_framework\views.py", line 503, in dispatch
    self.initial(request, *args, **kwargs)
  File "C:\Users\HomePC\Desktop\FREELANCING_AIMPROJECT\backend\venv\Lib\site-packages\rest_framework\views.py", line 420, in initial
    self.perform_authentication(request)
  File "C:\Users\HomePC\Desktop\FREELANCING_AIMPROJECT\backend\venv\Lib\site-packages\rest_framework\views.py", line 330, in perform_authentication
    request.user
  File "C:\Users\HomePC\Desktop\FREELANCING_AIMPROJECT\backend\venv\Lib\site-packages\rest_framework\request.py", line 232, in user
    self._authenticate()
  File "C:\Users\HomePC\Desktop\FREELANCING_AIMPROJECT\backend\venv\Lib\site-packages\rest_framework\request.py", line 385, in _authenticate
    user_auth_tuple = authenticator.authenticate(self)
                      ^^^^^^^^^^^^^^^^^^^^^^^^^^^^^^^^
  File "C:\Users\HomePC\Desktop\FREELANCING_AIMPROJECT\backend\venv\Lib\site-packages\rest_framework_simplejwt\authentication.py", line 51, in authenticate
    return self.get_user(validated_token), validated_token
           ^^^^^^^^^^^^^^^^^^^^^^^^^^^^^^
  File "C:\Users\HomePC\Desktop\FREELANCING_AIMPROJECT\backend\venv\Lib\site-packages\rest_framework_simplejwt\authentication.py", line 130, in get_user
    user = self.user_model.objects.get(**{api_settings.USER_ID_FIELD: user_id})
           ^^^^^^^^^^^^^^^^^^^^^^^^^^^^^^^^^^^^^^^^^^^^^^^^^^^^^^^^^^^^^^^^^^^^
  File "C:\Users\HomePC\Desktop\FREELANCING_AIMPROJECT\backend\venv\Lib\site-packages\django\db\models\manager.py", line 87, in manager_method
    return getattr(self.get_queryset(), name)(*args, **kwargs)
           ^^^^^^^^^^^^^^^^^^^^^^^^^^^^^^^^^^^^^^^^^^^^^^^^^^^
  File "C:\Users\HomePC\Desktop\FREELANCING_AIMPROJECT\backend\venv\Lib\site-packages\django\db\models\query.py", line 635, in get
    num = len(clone)
          ^^^^^^^^^^
  File "C:\Users\HomePC\Desktop\FREELANCING_AIMPROJECT\backend\venv\Lib\site-packages\django\db\models\query.py", line 372, in __len__
    self._fetch_all()
  File "C:\Users\HomePC\Desktop\FREELANCING_AIMPROJECT\backend\venv\Lib\site-packages\django\db\models\query.py", line 2000, in _fetch_all
    self._result_cache = list(self._iterable_class(self))
                         ^^^^^^^^^^^^^^^^^^^^^^^^^^^^^^^^
  File "C:\Users\HomePC\Desktop\FREELANCING_AIMPROJECT\backend\venv\Lib\site-packages\django\db\models\query.py", line 95, in __iter__
    results = compiler.execute_sql(
              ^^^^^^^^^^^^^^^^^^^^^
  File "C:\Users\HomePC\Desktop\FREELANCING_AIMPROJECT\backend\venv\Lib\site-packages\django\db\models\sql\compiler.py", line 1624, in execute_sql
    cursor.execute(sql, params)
  File "C:\Users\HomePC\Desktop\FREELANCING_AIMPROJECT\backend\venv\Lib\site-packages\django\db\backends\utils.py", line 122, in execute
    return super().execute(sql, params)
           ^^^^^^^^^^^^^^^^^^^^^^^^^^^^
  File "C:\Users\HomePC\Desktop\FREELANCING_AIMPROJECT\backend\venv\Lib\site-packages\django\db\backends\utils.py", line 79, in execute
    return self._execute_with_wrappers(
           ^^^^^^^^^^^^^^^^^^^^^^^^^^^^
  File "C:\Users\HomePC\Desktop\FREELANCING_AIMPROJECT\backend\venv\Lib\site-packages\django\db\backends\utils.py", line 92, in _execute_with_wrappers
    return executor(sql, params, many, context)
           ^^^^^^^^^^^^^^^^^^^^^^^^^^^^^^^^^^^^
  File "C:\Users\HomePC\Desktop\FREELANCING_AIMPROJECT\backend\venv\Lib\site-packages\django\db\backends\utils.py", line 100, in _execute
    with self.db.wrap_database_errors:
  File "C:\Users\HomePC\Desktop\FREELANCING_AIMPROJECT\backend\venv\Lib\site-packages\django\db\utils.py", line 94, in __exit__
    raise dj_exc_value.with_traceback(traceback) from exc_value
  File "C:\Users\HomePC\Desktop\FREELANCING_AIMPROJECT\backend\venv\Lib\site-packages\django\db\backends\utils.py", line 105, in _execute
    return self.cursor.execute(sql, params)
           ^^^^^^^^^^^^^^^^^^^^^^^^^^^^^^^^
  File "C:\Users\HomePC\Desktop\FREELANCING_AIMPROJECT\backend\venv\Lib\site-packages\django\db\backends\sqlite3\base.py", line 359, in execute
    return super().execute(query, params)
           ^^^^^^^^^^^^^^^^^^^^^^^^^^^^^^
django.db.utils.OperationalError: no such column: authentication_user.user_type
"GET /api/listings/?page=1&ordering=-created_at HTTP/1.1" 500 28630
Internal Server Error: /api/listings/
Traceback (most recent call last):
  File "C:\Users\HomePC\Desktop\FREELANCING_AIMPROJECT\backend\venv\Lib\site-packages\django\db\backends\utils.py", line 105, in _execute
    return self.cursor.execute(sql, params)
           ^^^^^^^^^^^^^^^^^^^^^^^^^^^^^^^^
  File "C:\Users\HomePC\Desktop\FREELANCING_AIMPROJECT\backend\venv\Lib\site-packages\django\db\backends\sqlite3\base.py", line 359, in execute
    return super().execute(query, params)
           ^^^^^^^^^^^^^^^^^^^^^^^^^^^^^^
sqlite3.OperationalError: no such column: authentication_user.user_type

The above exception was the direct cause of the following exception:

Traceback (most recent call last):
  File "C:\Users\HomePC\Desktop\FREELANCING_AIMPROJECT\backend\venv\Lib\site-packages\django\core\handlers\exception.py", line 55, in inner
    response = get_response(request)
               ^^^^^^^^^^^^^^^^^^^^^
  File "C:\Users\HomePC\Desktop\FREELANCING_AIMPROJECT\backend\venv\Lib\site-packages\django\core\handlers\base.py", line 198, in _get_response
    response = wrapped_callback(request, *callback_args, **callback_kwargs)
               ^^^^^^^^^^^^^^^^^^^^^^^^^^^^^^^^^^^^^^^^^^^^^^^^^^^^^^^^^^^^
  File "C:\Users\HomePC\Desktop\FREELANCING_AIMPROJECT\backend\venv\Lib\site-packages\django\views\decorators\csrf.py", line 65, in _view_wrapper
    return view_func(request, *args, **kwargs)
           ^^^^^^^^^^^^^^^^^^^^^^^^^^^^^^^^^^^
  File "C:\Users\HomePC\Desktop\FREELANCING_AIMPROJECT\backend\venv\Lib\site-packages\django\views\generic\base.py", line 106, in view
    return self.dispatch(request, *args, **kwargs)
           ^^^^^^^^^^^^^^^^^^^^^^^^^^^^^^^^^^^^^^^
  File "C:\Users\HomePC\Desktop\FREELANCING_AIMPROJECT\backend\venv\Lib\site-packages\rest_framework\views.py", line 515, in dispatch
    response = self.handle_exception(exc)
               ^^^^^^^^^^^^^^^^^^^^^^^^^^
  File "C:\Users\HomePC\Desktop\FREELANCING_AIMPROJECT\backend\venv\Lib\site-packages\rest_framework\views.py", line 475, in handle_exception
    self.raise_uncaught_exception(exc)
  File "C:\Users\HomePC\Desktop\FREELANCING_AIMPROJECT\backend\venv\Lib\site-packages\rest_framework\views.py", line 486, in raise_uncaught_exception
    raise exc
  File "C:\Users\HomePC\Desktop\FREELANCING_AIMPROJECT\backend\venv\Lib\site-packages\rest_framework\views.py", line 503, in dispatch
    self.initial(request, *args, **kwargs)
  File "C:\Users\HomePC\Desktop\FREELANCING_AIMPROJECT\backend\venv\Lib\site-packages\rest_framework\views.py", line 420, in initial
    self.perform_authentication(request)
  File "C:\Users\HomePC\Desktop\FREELANCING_AIMPROJECT\backend\venv\Lib\site-packages\rest_framework\views.py", line 330, in perform_authentication
    request.user
  File "C:\Users\HomePC\Desktop\FREELANCING_AIMPROJECT\backend\venv\Lib\site-packages\rest_framework\request.py", line 232, in user
    self._authenticate()
  File "C:\Users\HomePC\Desktop\FREELANCING_AIMPROJECT\backend\venv\Lib\site-packages\rest_framework\request.py", line 385, in _authenticate
    user_auth_tuple = authenticator.authenticate(self)
                      ^^^^^^^^^^^^^^^^^^^^^^^^^^^^^^^^
  File "C:\Users\HomePC\Desktop\FREELANCING_AIMPROJECT\backend\venv\Lib\site-packages\rest_framework_simplejwt\authentication.py", line 51, in authenticate
    return self.get_user(validated_token), validated_token
           ^^^^^^^^^^^^^^^^^^^^^^^^^^^^^^
  File "C:\Users\HomePC\Desktop\FREELANCING_AIMPROJECT\backend\venv\Lib\site-packages\rest_framework_simplejwt\authentication.py", line 130, in get_user
    user = self.user_model.objects.get(**{api_settings.USER_ID_FIELD: user_id})
           ^^^^^^^^^^^^^^^^^^^^^^^^^^^^^^^^^^^^^^^^^^^^^^^^^^^^^^^^^^^^^^^^^^^^
  File "C:\Users\HomePC\Desktop\FREELANCING_AIMPROJECT\backend\venv\Lib\site-packages\django\db\models\manager.py", line 87, in manager_method
    return getattr(self.get_queryset(), name)(*args, **kwargs)
           ^^^^^^^^^^^^^^^^^^^^^^^^^^^^^^^^^^^^^^^^^^^^^^^^^^^
  File "C:\Users\HomePC\Desktop\FREELANCING_AIMPROJECT\backend\venv\Lib\site-packages\django\db\models\query.py", line 635, in get
    num = len(clone)
          ^^^^^^^^^^
  File "C:\Users\HomePC\Desktop\FREELANCING_AIMPROJECT\backend\venv\Lib\site-packages\django\db\models\query.py", line 372, in __len__
    self._fetch_all()
  File "C:\Users\HomePC\Desktop\FREELANCING_AIMPROJECT\backend\venv\Lib\site-packages\django\db\models\query.py", line 2000, in _fetch_all
    self._result_cache = list(self._iterable_class(self))
                         ^^^^^^^^^^^^^^^^^^^^^^^^^^^^^^^^
  File "C:\Users\HomePC\Desktop\FREELANCING_AIMPROJECT\backend\venv\Lib\site-packages\django\db\models\query.py", line 95, in __iter__
    results = compiler.execute_sql(
              ^^^^^^^^^^^^^^^^^^^^^
  File "C:\Users\HomePC\Desktop\FREELANCING_AIMPROJECT\backend\venv\Lib\site-packages\django\db\models\sql\compiler.py", line 1624, in execute_sql
    cursor.execute(sql, params)
  File "C:\Users\HomePC\Desktop\FREELANCING_AIMPROJECT\backend\venv\Lib\site-packages\django\db\backends\utils.py", line 122, in execute
    return super().execute(sql, params)
           ^^^^^^^^^^^^^^^^^^^^^^^^^^^^
  File "C:\Users\HomePC\Desktop\FREELANCING_AIMPROJECT\backend\venv\Lib\site-packages\django\db\backends\utils.py", line 79, in execute
    return self._execute_with_wrappers(
           ^^^^^^^^^^^^^^^^^^^^^^^^^^^^
  File "C:\Users\HomePC\Desktop\FREELANCING_AIMPROJECT\backend\venv\Lib\site-packages\django\db\backends\utils.py", line 92, in _execute_with_wrappers
    return executor(sql, params, many, context)
           ^^^^^^^^^^^^^^^^^^^^^^^^^^^^^^^^^^^^
  File "C:\Users\HomePC\Desktop\FREELANCING_AIMPROJECT\backend\venv\Lib\site-packages\django\db\backends\utils.py", line 100, in _execute
    with self.db.wrap_database_errors:
  File "C:\Users\HomePC\Desktop\FREELANCING_AIMPROJECT\backend\venv\Lib\site-packages\django\db\utils.py", line 94, in __exit__
    raise dj_exc_value.with_traceback(traceback) from exc_value
  File "C:\Users\HomePC\Desktop\FREELANCING_AIMPROJECT\backend\venv\Lib\site-packages\django\db\backends\utils.py", line 105, in _execute
    return self.cursor.execute(sql, params)
           ^^^^^^^^^^^^^^^^^^^^^^^^^^^^^^^^
  File "C:\Users\HomePC\Desktop\FREELANCING_AIMPROJECT\backend\venv\Lib\site-packages\django\db\backends\sqlite3\base.py", line 359, in execute
    return super().execute(query, params)
           ^^^^^^^^^^^^^^^^^^^^^^^^^^^^^^
django.db.utils.OperationalError: no such column: authentication_user.user_type
"GET /api/listings/?page=1&ordering=-created_at HTTP/1.1" 500 28630
"OPTIONS /api/auth/logout/ HTTP/1.1" 200 0
Internal Server Error: /api/auth/logout/
Traceback (most recent call last):
  File "C:\Users\HomePC\Desktop\FREELANCING_AIMPROJECT\backend\venv\Lib\site-packages\django\db\backends\utils.py", line 105, in _execute
    return self.cursor.execute(sql, params)
           ^^^^^^^^^^^^^^^^^^^^^^^^^^^^^^^^
  File "C:\Users\HomePC\Desktop\FREELANCING_AIMPROJECT\backend\venv\Lib\site-packages\django\db\backends\sqlite3\base.py", line 359, in execute
    return super().execute(query, params)
           ^^^^^^^^^^^^^^^^^^^^^^^^^^^^^^
sqlite3.OperationalError: no such column: authentication_user.user_type

The above exception was the direct cause of the following exception:

Traceback (most recent call last):
  File "C:\Users\HomePC\Desktop\FREELANCING_AIMPROJECT\backend\venv\Lib\site-packages\django\core\handlers\exception.py", line 55, in inner
    response = get_response(request)
               ^^^^^^^^^^^^^^^^^^^^^
  File "C:\Users\HomePC\Desktop\FREELANCING_AIMPROJECT\backend\venv\Lib\site-packages\django\core\handlers\base.py", line 198, in _get_response
    response = wrapped_callback(request, *callback_args, **callback_kwargs)
               ^^^^^^^^^^^^^^^^^^^^^^^^^^^^^^^^^^^^^^^^^^^^^^^^^^^^^^^^^^^^
  File "C:\Users\HomePC\Desktop\FREELANCING_AIMPROJECT\backend\venv\Lib\site-packages\django\views\decorators\csrf.py", line 65, in _view_wrapper
    return view_func(request, *args, **kwargs)
           ^^^^^^^^^^^^^^^^^^^^^^^^^^^^^^^^^^^
  File "C:\Users\HomePC\Desktop\FREELANCING_AIMPROJECT\backend\venv\Lib\site-packages\django\views\generic\base.py", line 106, in view
    return self.dispatch(request, *args, **kwargs)
           ^^^^^^^^^^^^^^^^^^^^^^^^^^^^^^^^^^^^^^^
  File "C:\Users\HomePC\Desktop\FREELANCING_AIMPROJECT\backend\venv\Lib\site-packages\rest_framework\views.py", line 515, in dispatch
    response = self.handle_exception(exc)
               ^^^^^^^^^^^^^^^^^^^^^^^^^^
  File "C:\Users\HomePC\Desktop\FREELANCING_AIMPROJECT\backend\venv\Lib\site-packages\rest_framework\views.py", line 475, in handle_exception
    self.raise_uncaught_exception(exc)
  File "C:\Users\HomePC\Desktop\FREELANCING_AIMPROJECT\backend\venv\Lib\site-packages\rest_framework\views.py", line 486, in raise_uncaught_exception
    raise exc
  File "C:\Users\HomePC\Desktop\FREELANCING_AIMPROJECT\backend\venv\Lib\site-packages\rest_framework\views.py", line 503, in dispatch
    self.initial(request, *args, **kwargs)
  File "C:\Users\HomePC\Desktop\FREELANCING_AIMPROJECT\backend\venv\Lib\site-packages\rest_framework\views.py", line 420, in initial
    self.perform_authentication(request)
  File "C:\Users\HomePC\Desktop\FREELANCING_AIMPROJECT\backend\venv\Lib\site-packages\rest_framework\views.py", line 330, in perform_authentication
    request.user
  File "C:\Users\HomePC\Desktop\FREELANCING_AIMPROJECT\backend\venv\Lib\site-packages\rest_framework\request.py", line 232, in user
    self._authenticate()
  File "C:\Users\HomePC\Desktop\FREELANCING_AIMPROJECT\backend\venv\Lib\site-packages\rest_framework\request.py", line 385, in _authenticate
    user_auth_tuple = authenticator.authenticate(self)
                      ^^^^^^^^^^^^^^^^^^^^^^^^^^^^^^^^
  File "C:\Users\HomePC\Desktop\FREELANCING_AIMPROJECT\backend\venv\Lib\site-packages\rest_framework_simplejwt\authentication.py", line 51, in authenticate
    return self.get_user(validated_token), validated_token
           ^^^^^^^^^^^^^^^^^^^^^^^^^^^^^^
  File "C:\Users\HomePC\Desktop\FREELANCING_AIMPROJECT\backend\venv\Lib\site-packages\rest_framework_simplejwt\authentication.py", line 130, in get_user
    user = self.user_model.objects.get(**{api_settings.USER_ID_FIELD: user_id})
           ^^^^^^^^^^^^^^^^^^^^^^^^^^^^^^^^^^^^^^^^^^^^^^^^^^^^^^^^^^^^^^^^^^^^
  File "C:\Users\HomePC\Desktop\FREELANCING_AIMPROJECT\backend\venv\Lib\site-packages\django\db\models\manager.py", line 87, in manager_method
    return getattr(self.get_queryset(), name)(*args, **kwargs)
           ^^^^^^^^^^^^^^^^^^^^^^^^^^^^^^^^^^^^^^^^^^^^^^^^^^^
  File "C:\Users\HomePC\Desktop\FREELANCING_AIMPROJECT\backend\venv\Lib\site-packages\django\db\models\query.py", line 635, in get
    num = len(clone)
          ^^^^^^^^^^
  File "C:\Users\HomePC\Desktop\FREELANCING_AIMPROJECT\backend\venv\Lib\site-packages\django\db\models\query.py", line 372, in __len__
    self._fetch_all()
  File "C:\Users\HomePC\Desktop\FREELANCING_AIMPROJECT\backend\venv\Lib\site-packages\django\db\models\query.py", line 2000, in _fetch_all
    self._result_cache = list(self._iterable_class(self))
                         ^^^^^^^^^^^^^^^^^^^^^^^^^^^^^^^^
  File "C:\Users\HomePC\Desktop\FREELANCING_AIMPROJECT\backend\venv\Lib\site-packages\django\db\models\query.py", line 95, in __iter__
    results = compiler.execute_sql(
              ^^^^^^^^^^^^^^^^^^^^^
  File "C:\Users\HomePC\Desktop\FREELANCING_AIMPROJECT\backend\venv\Lib\site-packages\django\db\models\sql\compiler.py", line 1624, in execute_sql
    cursor.execute(sql, params)
  File "C:\Users\HomePC\Desktop\FREELANCING_AIMPROJECT\backend\venv\Lib\site-packages\django\db\backends\utils.py", line 122, in execute
    return super().execute(sql, params)
           ^^^^^^^^^^^^^^^^^^^^^^^^^^^^
  File "C:\Users\HomePC\Desktop\FREELANCING_AIMPROJECT\backend\venv\Lib\site-packages\django\db\backends\utils.py", line 79, in execute
    return self._execute_with_wrappers(
           ^^^^^^^^^^^^^^^^^^^^^^^^^^^^
  File "C:\Users\HomePC\Desktop\FREELANCING_AIMPROJECT\backend\venv\Lib\site-packages\django\db\backends\utils.py", line 92, in _execute_with_wrappers
    return executor(sql, params, many, context)
           ^^^^^^^^^^^^^^^^^^^^^^^^^^^^^^^^^^^^
  File "C:\Users\HomePC\Desktop\FREELANCING_AIMPROJECT\backend\venv\Lib\site-packages\django\db\backends\utils.py", line 100, in _execute
    with self.db.wrap_database_errors:
  File "C:\Users\HomePC\Desktop\FREELANCING_AIMPROJECT\backend\venv\Lib\site-packages\django\db\utils.py", line 94, in __exit__
    raise dj_exc_value.with_traceback(traceback) from exc_value
  File "C:\Users\HomePC\Desktop\FREELANCING_AIMPROJECT\backend\venv\Lib\site-packages\django\db\backends\utils.py", line 105, in _execute
    return self.cursor.execute(sql, params)
           ^^^^^^^^^^^^^^^^^^^^^^^^^^^^^^^^
  File "C:\Users\HomePC\Desktop\FREELANCING_AIMPROJECT\backend\venv\Lib\site-packages\django\db\backends\sqlite3\base.py", line 359, in execute
    return super().execute(query, params)
           ^^^^^^^^^^^^^^^^^^^^^^^^^^^^^^
django.db.utils.OperationalError: no such column: authentication_user.user_type
"POST /api/auth/logout/ HTTP/1.1" 500 28573
"GET /api/listings/?featured=true&page=1 HTTP/1.1" 200 52
"GET /api/listings/?featured=true&page=1 HTTP/1.1" 200 52
Unauthorized: /api/auth/profile/
"GET /api/auth/profile/ HTTP/1.1" 401 58
Unauthorized: /api/auth/profile/
"GET /api/auth/profile/ HTTP/1.1" 401 58
"POST /api/auth/generate-username/ HTTP/1.1" 200 30
C:\Users\HomePC\Desktop\FREELANCING_AIMPROJECT\backend\listings\models.py changed, reloading.
Watching for file changes with StatReloader
Internal Server Error: /api/auth/register/
Traceback (most recent call last):
  File "C:\Users\HomePC\Desktop\FREELANCING_AIMPROJECT\backend\venv\Lib\site-packages\django\db\backends\utils.py", line 105, in _execute
    return self.cursor.execute(sql, params)
           ^^^^^^^^^^^^^^^^^^^^^^^^^^^^^^^^
  File "C:\Users\HomePC\Desktop\FREELANCING_AIMPROJECT\backend\venv\Lib\site-packages\django\db\backends\sqlite3\base.py", line 359, in execute
    return super().execute(query, params)
           ^^^^^^^^^^^^^^^^^^^^^^^^^^^^^^
sqlite3.OperationalError: table authentication_user has no column named user_type

The above exception was the direct cause of the following exception:

Traceback (most recent call last):
  File "C:\Users\HomePC\Desktop\FREELANCING_AIMPROJECT\backend\venv\Lib\site-packages\django\core\handlers\exception.py", line 55, in inner
    response = get_response(request)
               ^^^^^^^^^^^^^^^^^^^^^
  File "C:\Users\HomePC\Desktop\FREELANCING_AIMPROJECT\backend\venv\Lib\site-packages\django\core\handlers\base.py", line 198, in _get_response
    response = wrapped_callback(request, *callback_args, **callback_kwargs)
               ^^^^^^^^^^^^^^^^^^^^^^^^^^^^^^^^^^^^^^^^^^^^^^^^^^^^^^^^^^^^
  File "C:\Users\HomePC\Desktop\FREELANCING_AIMPROJECT\backend\venv\Lib\site-packages\django\views\decorators\csrf.py", line 65, in _view_wrapper
    return view_func(request, *args, **kwargs)
           ^^^^^^^^^^^^^^^^^^^^^^^^^^^^^^^^^^^
  File "C:\Users\HomePC\Desktop\FREELANCING_AIMPROJECT\backend\venv\Lib\site-packages\django\views\generic\base.py", line 106, in view
    return self.dispatch(request, *args, **kwargs)
           ^^^^^^^^^^^^^^^^^^^^^^^^^^^^^^^^^^^^^^^
  File "C:\Users\HomePC\Desktop\FREELANCING_AIMPROJECT\backend\venv\Lib\site-packages\rest_framework\views.py", line 515, in dispatch
    response = self.handle_exception(exc)
               ^^^^^^^^^^^^^^^^^^^^^^^^^^
  File "C:\Users\HomePC\Desktop\FREELANCING_AIMPROJECT\backend\venv\Lib\site-packages\rest_framework\views.py", line 475, in handle_exception
    self.raise_uncaught_exception(exc)
  File "C:\Users\HomePC\Desktop\FREELANCING_AIMPROJECT\backend\venv\Lib\site-packages\rest_framework\views.py", line 486, in raise_uncaught_exception
    raise exc
  File "C:\Users\HomePC\Desktop\FREELANCING_AIMPROJECT\backend\venv\Lib\site-packages\rest_framework\views.py", line 512, in dispatch
    response = handler(request, *args, **kwargs)
               ^^^^^^^^^^^^^^^^^^^^^^^^^^^^^^^^^
  File "C:\Users\HomePC\Desktop\FREELANCING_AIMPROJECT\backend\venv\Lib\site-packages\rest_framework\generics.py", line 194, in post
    return self.create(request, *args, **kwargs)
           ^^^^^^^^^^^^^^^^^^^^^^^^^^^^^^^^^^^^^
  File "C:\Users\HomePC\Desktop\FREELANCING_AIMPROJECT\backend\authentication\views.py", line 29, in create
    user = serializer.save()
           ^^^^^^^^^^^^^^^^^
  File "C:\Users\HomePC\Desktop\FREELANCING_AIMPROJECT\backend\venv\Lib\site-packages\rest_framework\serializers.py", line 210, in save
    self.instance = self.create(validated_data)
                    ^^^^^^^^^^^^^^^^^^^^^^^^^^^
  File "C:\Users\HomePC\Desktop\FREELANCING_AIMPROJECT\backend\authentication\serializers.py", line 43, in create
    user = User.objects.create_user(**validated_data)
           ^^^^^^^^^^^^^^^^^^^^^^^^^^^^^^^^^^^^^^^^^^
  File "C:\Users\HomePC\Desktop\FREELANCING_AIMPROJECT\backend\venv\Lib\site-packages\django\contrib\auth\models.py", line 175, in create_user
    return self._create_user(username, email, password, **extra_fields)
           ^^^^^^^^^^^^^^^^^^^^^^^^^^^^^^^^^^^^^^^^^^^^^^^^^^^^^^^^^^^^
  File "C:\Users\HomePC\Desktop\FREELANCING_AIMPROJECT\backend\venv\Lib\site-packages\django\contrib\auth\models.py", line 163, in _create_user
    user.save(using=self._db)
  File "C:\Users\HomePC\Desktop\FREELANCING_AIMPROJECT\backend\venv\Lib\site-packages\django\contrib\auth\base_user.py", line 62, in save
    super().save(**kwargs)
  File "C:\Users\HomePC\Desktop\FREELANCING_AIMPROJECT\backend\venv\Lib\site-packages\django\db\models\base.py", line 874, in save
    self.save_base(
  File "C:\Users\HomePC\Desktop\FREELANCING_AIMPROJECT\backend\venv\Lib\site-packages\django\db\models\base.py", line 966, in save_base
    updated = self._save_table(
              ^^^^^^^^^^^^^^^^^
  File "C:\Users\HomePC\Desktop\FREELANCING_AIMPROJECT\backend\venv\Lib\site-packages\django\db\models\base.py", line 1169, in _save_table
    results = self._do_insert(
              ^^^^^^^^^^^^^^^^
  File "C:\Users\HomePC\Desktop\FREELANCING_AIMPROJECT\backend\venv\Lib\site-packages\django\db\models\base.py", line 1220, in _do_insert
    return manager._insert(
           ^^^^^^^^^^^^^^^^
  File "C:\Users\HomePC\Desktop\FREELANCING_AIMPROJECT\backend\venv\Lib\site-packages\django\db\models\manager.py", line 87, in manager_method
    return getattr(self.get_queryset(), name)(*args, **kwargs)
           ^^^^^^^^^^^^^^^^^^^^^^^^^^^^^^^^^^^^^^^^^^^^^^^^^^^
  File "C:\Users\HomePC\Desktop\FREELANCING_AIMPROJECT\backend\venv\Lib\site-packages\django\db\models\query.py", line 1918, in _insert
    return query.get_compiler(using=using).execute_sql(returning_fields)
           ^^^^^^^^^^^^^^^^^^^^^^^^^^^^^^^^^^^^^^^^^^^^^^^^^^^^^^^^^^^^^
  File "C:\Users\HomePC\Desktop\FREELANCING_AIMPROJECT\backend\venv\Lib\site-packages\django\db\models\sql\compiler.py", line 1925, in execute_sql
    cursor.execute(sql, params)
  File "C:\Users\HomePC\Desktop\FREELANCING_AIMPROJECT\backend\venv\Lib\site-packages\django\db\backends\utils.py", line 122, in execute
    return super().execute(sql, params)
           ^^^^^^^^^^^^^^^^^^^^^^^^^^^^
  File "C:\Users\HomePC\Desktop\FREELANCING_AIMPROJECT\backend\venv\Lib\site-packages\django\db\backends\utils.py", line 79, in execute
    return self._execute_with_wrappers(
           ^^^^^^^^^^^^^^^^^^^^^^^^^^^^
  File "C:\Users\HomePC\Desktop\FREELANCING_AIMPROJECT\backend\venv\Lib\site-packages\django\db\backends\utils.py", line 92, in _execute_with_wrappers
    return executor(sql, params, many, context)
           ^^^^^^^^^^^^^^^^^^^^^^^^^^^^^^^^^^^^
  File "C:\Users\HomePC\Desktop\FREELANCING_AIMPROJECT\backend\venv\Lib\site-packages\django\db\backends\utils.py", line 100, in _execute
    with self.db.wrap_database_errors:
  File "C:\Users\HomePC\Desktop\FREELANCING_AIMPROJECT\backend\venv\Lib\site-packages\django\db\utils.py", line 94, in __exit__
    raise dj_exc_value.with_traceback(traceback) from exc_value
  File "C:\Users\HomePC\Desktop\FREELANCING_AIMPROJECT\backend\venv\Lib\site-packages\django\db\backends\utils.py", line 105, in _execute
    return self.cursor.execute(sql, params)
           ^^^^^^^^^^^^^^^^^^^^^^^^^^^^^^^^
  File "C:\Users\HomePC\Desktop\FREELANCING_AIMPROJECT\backend\venv\Lib\site-packages\django\db\backends\sqlite3\base.py", line 359, in execute
    return super().execute(query, params)
           ^^^^^^^^^^^^^^^^^^^^^^^^^^^^^^
django.db.utils.OperationalError: table authentication_user has no column named user_type
"POST /api/auth/register/ HTTP/1.1" 500 28912
Internal Server Error: /api/auth/register/
Traceback (most recent call last):
  File "C:\Users\HomePC\Desktop\FREELANCING_AIMPROJECT\backend\venv\Lib\site-packages\django\db\backends\utils.py", line 105, in _execute
    return self.cursor.execute(sql, params)
           ^^^^^^^^^^^^^^^^^^^^^^^^^^^^^^^^
  File "C:\Users\HomePC\Desktop\FREELANCING_AIMPROJECT\backend\venv\Lib\site-packages\django\db\backends\sqlite3\base.py", line 359, in execute
    return super().execute(query, params)
           ^^^^^^^^^^^^^^^^^^^^^^^^^^^^^^
sqlite3.OperationalError: table authentication_user has no column named user_type

The above exception was the direct cause of the following exception:

Traceback (most recent call last):
  File "C:\Users\HomePC\Desktop\FREELANCING_AIMPROJECT\backend\venv\Lib\site-packages\django\core\handlers\exception.py", line 55, in inner
    response = get_response(request)
               ^^^^^^^^^^^^^^^^^^^^^
  File "C:\Users\HomePC\Desktop\FREELANCING_AIMPROJECT\backend\venv\Lib\site-packages\django\core\handlers\base.py", line 198, in _get_response
    response = wrapped_callback(request, *callback_args, **callback_kwargs)
               ^^^^^^^^^^^^^^^^^^^^^^^^^^^^^^^^^^^^^^^^^^^^^^^^^^^^^^^^^^^^
  File "C:\Users\HomePC\Desktop\FREELANCING_AIMPROJECT\backend\venv\Lib\site-packages\django\views\decorators\csrf.py", line 65, in _view_wrapper
    return view_func(request, *args, **kwargs)
           ^^^^^^^^^^^^^^^^^^^^^^^^^^^^^^^^^^^
  File "C:\Users\HomePC\Desktop\FREELANCING_AIMPROJECT\backend\venv\Lib\site-packages\django\views\generic\base.py", line 106, in view
    return self.dispatch(request, *args, **kwargs)
           ^^^^^^^^^^^^^^^^^^^^^^^^^^^^^^^^^^^^^^^
  File "C:\Users\HomePC\Desktop\FREELANCING_AIMPROJECT\backend\venv\Lib\site-packages\rest_framework\views.py", line 515, in dispatch
    response = self.handle_exception(exc)
               ^^^^^^^^^^^^^^^^^^^^^^^^^^
  File "C:\Users\HomePC\Desktop\FREELANCING_AIMPROJECT\backend\venv\Lib\site-packages\rest_framework\views.py", line 475, in handle_exception
    self.raise_uncaught_exception(exc)
  File "C:\Users\HomePC\Desktop\FREELANCING_AIMPROJECT\backend\venv\Lib\site-packages\rest_framework\views.py", line 486, in raise_uncaught_exception
    raise exc
  File "C:\Users\HomePC\Desktop\FREELANCING_AIMPROJECT\backend\venv\Lib\site-packages\rest_framework\views.py", line 512, in dispatch
    response = handler(request, *args, **kwargs)
               ^^^^^^^^^^^^^^^^^^^^^^^^^^^^^^^^^
  File "C:\Users\HomePC\Desktop\FREELANCING_AIMPROJECT\backend\venv\Lib\site-packages\rest_framework\generics.py", line 194, in post
    return self.create(request, *args, **kwargs)
           ^^^^^^^^^^^^^^^^^^^^^^^^^^^^^^^^^^^^^
  File "C:\Users\HomePC\Desktop\FREELANCING_AIMPROJECT\backend\authentication\views.py", line 29, in create
    user = serializer.save()
           ^^^^^^^^^^^^^^^^^
  File "C:\Users\HomePC\Desktop\FREELANCING_AIMPROJECT\backend\venv\Lib\site-packages\rest_framework\serializers.py", line 210, in save
    self.instance = self.create(validated_data)
                    ^^^^^^^^^^^^^^^^^^^^^^^^^^^
  File "C:\Users\HomePC\Desktop\FREELANCING_AIMPROJECT\backend\authentication\serializers.py", line 43, in create
    user = User.objects.create_user(**validated_data)
           ^^^^^^^^^^^^^^^^^^^^^^^^^^^^^^^^^^^^^^^^^^
  File "C:\Users\HomePC\Desktop\FREELANCING_AIMPROJECT\backend\venv\Lib\site-packages\django\contrib\auth\models.py", line 175, in create_user
    return self._create_user(username, email, password, **extra_fields)
           ^^^^^^^^^^^^^^^^^^^^^^^^^^^^^^^^^^^^^^^^^^^^^^^^^^^^^^^^^^^^
  File "C:\Users\HomePC\Desktop\FREELANCING_AIMPROJECT\backend\venv\Lib\site-packages\django\contrib\auth\models.py", line 163, in _create_user
    user.save(using=self._db)
  File "C:\Users\HomePC\Desktop\FREELANCING_AIMPROJECT\backend\venv\Lib\site-packages\django\contrib\auth\base_user.py", line 62, in save
    super().save(**kwargs)
  File "C:\Users\HomePC\Desktop\FREELANCING_AIMPROJECT\backend\venv\Lib\site-packages\django\db\models\base.py", line 874, in save
    self.save_base(
  File "C:\Users\HomePC\Desktop\FREELANCING_AIMPROJECT\backend\venv\Lib\site-packages\django\db\models\base.py", line 966, in save_base
    updated = self._save_table(
              ^^^^^^^^^^^^^^^^^
  File "C:\Users\HomePC\Desktop\FREELANCING_AIMPROJECT\backend\venv\Lib\site-packages\django\db\models\base.py", line 1169, in _save_table
    results = self._do_insert(
              ^^^^^^^^^^^^^^^^
  File "C:\Users\HomePC\Desktop\FREELANCING_AIMPROJECT\backend\venv\Lib\site-packages\django\db\models\base.py", line 1220, in _do_insert
    return manager._insert(
           ^^^^^^^^^^^^^^^^
  File "C:\Users\HomePC\Desktop\FREELANCING_AIMPROJECT\backend\venv\Lib\site-packages\django\db\models\manager.py", line 87, in manager_method
    return getattr(self.get_queryset(), name)(*args, **kwargs)
           ^^^^^^^^^^^^^^^^^^^^^^^^^^^^^^^^^^^^^^^^^^^^^^^^^^^
  File "C:\Users\HomePC\Desktop\FREELANCING_AIMPROJECT\backend\venv\Lib\site-packages\django\db\models\query.py", line 1918, in _insert
    return query.get_compiler(using=using).execute_sql(returning_fields)
           ^^^^^^^^^^^^^^^^^^^^^^^^^^^^^^^^^^^^^^^^^^^^^^^^^^^^^^^^^^^^^
  File "C:\Users\HomePC\Desktop\FREELANCING_AIMPROJECT\backend\venv\Lib\site-packages\django\db\models\sql\compiler.py", line 1925, in execute_sql
    cursor.execute(sql, params)
  File "C:\Users\HomePC\Desktop\FREELANCING_AIMPROJECT\backend\venv\Lib\site-packages\django\db\backends\utils.py", line 122, in execute
    return super().execute(sql, params)
           ^^^^^^^^^^^^^^^^^^^^^^^^^^^^
  File "C:\Users\HomePC\Desktop\FREELANCING_AIMPROJECT\backend\venv\Lib\site-packages\django\db\backends\utils.py", line 79, in execute
    return self._execute_with_wrappers(
           ^^^^^^^^^^^^^^^^^^^^^^^^^^^^
  File "C:\Users\HomePC\Desktop\FREELANCING_AIMPROJECT\backend\venv\Lib\site-packages\django\db\backends\utils.py", line 92, in _execute_with_wrappers
    return executor(sql, params, many, context)
           ^^^^^^^^^^^^^^^^^^^^^^^^^^^^^^^^^^^^
  File "C:\Users\HomePC\Desktop\FREELANCING_AIMPROJECT\backend\venv\Lib\site-packages\django\db\backends\utils.py", line 100, in _execute
    with self.db.wrap_database_errors:
  File "C:\Users\HomePC\Desktop\FREELANCING_AIMPROJECT\backend\venv\Lib\site-packages\django\db\utils.py", line 94, in __exit__
    raise dj_exc_value.with_traceback(traceback) from exc_value
  File "C:\Users\HomePC\Desktop\FREELANCING_AIMPROJECT\backend\venv\Lib\site-packages\django\db\backends\utils.py", line 105, in _execute
    return self.cursor.execute(sql, params)
           ^^^^^^^^^^^^^^^^^^^^^^^^^^^^^^^^
  File "C:\Users\HomePC\Desktop\FREELANCING_AIMPROJECT\backend\venv\Lib\site-packages\django\db\backends\sqlite3\base.py", line 359, in execute
    return super().execute(query, params)
           ^^^^^^^^^^^^^^^^^^^^^^^^^^^^^^
django.db.utils.OperationalError: table authentication_user has no column named user_type
"POST /api/auth/register/ HTTP/1.1" 500 28912
Internal Server Error: /api/auth/register/
Traceback (most recent call last):
  File "C:\Users\HomePC\Desktop\FREELANCING_AIMPROJECT\backend\venv\Lib\site-packages\django\db\backends\utils.py", line 105, in _execute
    return self.cursor.execute(sql, params)
           ^^^^^^^^^^^^^^^^^^^^^^^^^^^^^^^^
  File "C:\Users\HomePC\Desktop\FREELANCING_AIMPROJECT\backend\venv\Lib\site-packages\django\db\backends\sqlite3\base.py", line 359, in execute
    return super().execute(query, params)
           ^^^^^^^^^^^^^^^^^^^^^^^^^^^^^^
sqlite3.OperationalError: table authentication_user has no column named user_type

The above exception was the direct cause of the following exception:

Traceback (most recent call last):
  File "C:\Users\HomePC\Desktop\FREELANCING_AIMPROJECT\backend\venv\Lib\site-packages\django\core\handlers\exception.py", line 55, in inner
    response = get_response(request)
               ^^^^^^^^^^^^^^^^^^^^^
  File "C:\Users\HomePC\Desktop\FREELANCING_AIMPROJECT\backend\venv\Lib\site-packages\django\core\handlers\base.py", line 198, in _get_response
    response = wrapped_callback(request, *callback_args, **callback_kwargs)
               ^^^^^^^^^^^^^^^^^^^^^^^^^^^^^^^^^^^^^^^^^^^^^^^^^^^^^^^^^^^^
  File "C:\Users\HomePC\Desktop\FREELANCING_AIMPROJECT\backend\venv\Lib\site-packages\django\views\decorators\csrf.py", line 65, in _view_wrapper
    return view_func(request, *args, **kwargs)
           ^^^^^^^^^^^^^^^^^^^^^^^^^^^^^^^^^^^
  File "C:\Users\HomePC\Desktop\FREELANCING_AIMPROJECT\backend\venv\Lib\site-packages\django\views\generic\base.py", line 106, in view
    return self.dispatch(request, *args, **kwargs)
           ^^^^^^^^^^^^^^^^^^^^^^^^^^^^^^^^^^^^^^^
  File "C:\Users\HomePC\Desktop\FREELANCING_AIMPROJECT\backend\venv\Lib\site-packages\rest_framework\views.py", line 515, in dispatch
    response = self.handle_exception(exc)
               ^^^^^^^^^^^^^^^^^^^^^^^^^^
  File "C:\Users\HomePC\Desktop\FREELANCING_AIMPROJECT\backend\venv\Lib\site-packages\rest_framework\views.py", line 475, in handle_exception
    self.raise_uncaught_exception(exc)
  File "C:\Users\HomePC\Desktop\FREELANCING_AIMPROJECT\backend\venv\Lib\site-packages\rest_framework\views.py", line 486, in raise_uncaught_exception
    raise exc
  File "C:\Users\HomePC\Desktop\FREELANCING_AIMPROJECT\backend\venv\Lib\site-packages\rest_framework\views.py", line 512, in dispatch
    response = handler(request, *args, **kwargs)
               ^^^^^^^^^^^^^^^^^^^^^^^^^^^^^^^^^
  File "C:\Users\HomePC\Desktop\FREELANCING_AIMPROJECT\backend\venv\Lib\site-packages\rest_framework\generics.py", line 194, in post
    return self.create(request, *args, **kwargs)
           ^^^^^^^^^^^^^^^^^^^^^^^^^^^^^^^^^^^^^
  File "C:\Users\HomePC\Desktop\FREELANCING_AIMPROJECT\backend\authentication\views.py", line 29, in create
    user = serializer.save()
           ^^^^^^^^^^^^^^^^^
  File "C:\Users\HomePC\Desktop\FREELANCING_AIMPROJECT\backend\venv\Lib\site-packages\rest_framework\serializers.py", line 210, in save
    self.instance = self.create(validated_data)
                    ^^^^^^^^^^^^^^^^^^^^^^^^^^^
  File "C:\Users\HomePC\Desktop\FREELANCING_AIMPROJECT\backend\authentication\serializers.py", line 43, in create
    user = User.objects.create_user(**validated_data)
           ^^^^^^^^^^^^^^^^^^^^^^^^^^^^^^^^^^^^^^^^^^
  File "C:\Users\HomePC\Desktop\FREELANCING_AIMPROJECT\backend\venv\Lib\site-packages\django\contrib\auth\models.py", line 175, in create_user
    return self._create_user(username, email, password, **extra_fields)
           ^^^^^^^^^^^^^^^^^^^^^^^^^^^^^^^^^^^^^^^^^^^^^^^^^^^^^^^^^^^^
  File "C:\Users\HomePC\Desktop\FREELANCING_AIMPROJECT\backend\venv\Lib\site-packages\django\contrib\auth\models.py", line 163, in _create_user
    user.save(using=self._db)
  File "C:\Users\HomePC\Desktop\FREELANCING_AIMPROJECT\backend\venv\Lib\site-packages\django\contrib\auth\base_user.py", line 62, in save
    super().save(**kwargs)
  File "C:\Users\HomePC\Desktop\FREELANCING_AIMPROJECT\backend\venv\Lib\site-packages\django\db\models\base.py", line 874, in save
    self.save_base(
  File "C:\Users\HomePC\Desktop\FREELANCING_AIMPROJECT\backend\venv\Lib\site-packages\django\db\models\base.py", line 966, in save_base
    updated = self._save_table(
              ^^^^^^^^^^^^^^^^^
  File "C:\Users\HomePC\Desktop\FREELANCING_AIMPROJECT\backend\venv\Lib\site-packages\django\db\models\base.py", line 1169, in _save_table
    results = self._do_insert(
              ^^^^^^^^^^^^^^^^
  File "C:\Users\HomePC\Desktop\FREELANCING_AIMPROJECT\backend\venv\Lib\site-packages\django\db\models\base.py", line 1220, in _do_insert
    return manager._insert(
           ^^^^^^^^^^^^^^^^
  File "C:\Users\HomePC\Desktop\FREELANCING_AIMPROJECT\backend\venv\Lib\site-packages\django\db\models\manager.py", line 87, in manager_method
    return getattr(self.get_queryset(), name)(*args, **kwargs)
           ^^^^^^^^^^^^^^^^^^^^^^^^^^^^^^^^^^^^^^^^^^^^^^^^^^^
  File "C:\Users\HomePC\Desktop\FREELANCING_AIMPROJECT\backend\venv\Lib\site-packages\django\db\models\query.py", line 1918, in _insert
    return query.get_compiler(using=using).execute_sql(returning_fields)
           ^^^^^^^^^^^^^^^^^^^^^^^^^^^^^^^^^^^^^^^^^^^^^^^^^^^^^^^^^^^^^
  File "C:\Users\HomePC\Desktop\FREELANCING_AIMPROJECT\backend\venv\Lib\site-packages\django\db\models\sql\compiler.py", line 1925, in execute_sql
    cursor.execute(sql, params)
  File "C:\Users\HomePC\Desktop\FREELANCING_AIMPROJECT\backend\venv\Lib\site-packages\django\db\backends\utils.py", line 122, in execute
    return super().execute(sql, params)
           ^^^^^^^^^^^^^^^^^^^^^^^^^^^^
  File "C:\Users\HomePC\Desktop\FREELANCING_AIMPROJECT\backend\venv\Lib\site-packages\django\db\backends\utils.py", line 79, in execute
    return self._execute_with_wrappers(
           ^^^^^^^^^^^^^^^^^^^^^^^^^^^^
  File "C:\Users\HomePC\Desktop\FREELANCING_AIMPROJECT\backend\venv\Lib\site-packages\django\db\backends\utils.py", line 92, in _execute_with_wrappers
    return executor(sql, params, many, context)
           ^^^^^^^^^^^^^^^^^^^^^^^^^^^^^^^^^^^^
  File "C:\Users\HomePC\Desktop\FREELANCING_AIMPROJECT\backend\venv\Lib\site-packages\django\db\backends\utils.py", line 100, in _execute
    with self.db.wrap_database_errors:
  File "C:\Users\HomePC\Desktop\FREELANCING_AIMPROJECT\backend\venv\Lib\site-packages\django\db\utils.py", line 94, in __exit__
    raise dj_exc_value.with_traceback(traceback) from exc_value
  File "C:\Users\HomePC\Desktop\FREELANCING_AIMPROJECT\backend\venv\Lib\site-packages\django\db\backends\utils.py", line 105, in _execute
    return self.cursor.execute(sql, params)
           ^^^^^^^^^^^^^^^^^^^^^^^^^^^^^^^^
  File "C:\Users\HomePC\Desktop\FREELANCING_AIMPROJECT\backend\venv\Lib\site-packages\django\db\backends\sqlite3\base.py", line 359, in execute
    return super().execute(query, params)
           ^^^^^^^^^^^^^^^^^^^^^^^^^^^^^^
django.db.utils.OperationalError: table authentication_user has no column named user_type
"POST /api/auth/register/ HTTP/1.1" 500 28912
Internal Server Error: /api/auth/login/
Traceback (most recent call last):
  File "C:\Users\HomePC\Desktop\FREELANCING_AIMPROJECT\backend\venv\Lib\site-packages\django\db\backends\utils.py", line 105, in _execute
    return self.cursor.execute(sql, params)
           ^^^^^^^^^^^^^^^^^^^^^^^^^^^^^^^^
  File "C:\Users\HomePC\Desktop\FREELANCING_AIMPROJECT\backend\venv\Lib\site-packages\django\db\backends\sqlite3\base.py", line 359, in execute
    return super().execute(query, params)
           ^^^^^^^^^^^^^^^^^^^^^^^^^^^^^^
sqlite3.OperationalError: no such column: authentication_user.user_type

The above exception was the direct cause of the following exception:

Traceback (most recent call last):
  File "C:\Users\HomePC\Desktop\FREELANCING_AIMPROJECT\backend\venv\Lib\site-packages\django\core\handlers\exception.py", line 55, in inner
    response = get_response(request)
               ^^^^^^^^^^^^^^^^^^^^^
  File "C:\Users\HomePC\Desktop\FREELANCING_AIMPROJECT\backend\venv\Lib\site-packages\django\core\handlers\base.py", line 198, in _get_response
    response = wrapped_callback(request, *callback_args, **callback_kwargs)
               ^^^^^^^^^^^^^^^^^^^^^^^^^^^^^^^^^^^^^^^^^^^^^^^^^^^^^^^^^^^^
  File "C:\Users\HomePC\Desktop\FREELANCING_AIMPROJECT\backend\venv\Lib\site-packages\django\views\decorators\csrf.py", line 65, in _view_wrapper
    return view_func(request, *args, **kwargs)
           ^^^^^^^^^^^^^^^^^^^^^^^^^^^^^^^^^^^
  File "C:\Users\HomePC\Desktop\FREELANCING_AIMPROJECT\backend\venv\Lib\site-packages\django\views\generic\base.py", line 106, in view
    return self.dispatch(request, *args, **kwargs)
           ^^^^^^^^^^^^^^^^^^^^^^^^^^^^^^^^^^^^^^^
  File "C:\Users\HomePC\Desktop\FREELANCING_AIMPROJECT\backend\venv\Lib\site-packages\rest_framework\views.py", line 515, in dispatch
    response = self.handle_exception(exc)
               ^^^^^^^^^^^^^^^^^^^^^^^^^^
  File "C:\Users\HomePC\Desktop\FREELANCING_AIMPROJECT\backend\venv\Lib\site-packages\rest_framework\views.py", line 475, in handle_exception
    self.raise_uncaught_exception(exc)
  File "C:\Users\HomePC\Desktop\FREELANCING_AIMPROJECT\backend\venv\Lib\site-packages\rest_framework\views.py", line 486, in raise_uncaught_exception
    raise exc
  File "C:\Users\HomePC\Desktop\FREELANCING_AIMPROJECT\backend\venv\Lib\site-packages\rest_framework\views.py", line 512, in dispatch
    response = handler(request, *args, **kwargs)
               ^^^^^^^^^^^^^^^^^^^^^^^^^^^^^^^^^
  File "C:\Users\HomePC\Desktop\FREELANCING_AIMPROJECT\backend\authentication\views.py", line 74, in post
    serializer.is_valid(raise_exception=True)
  File "C:\Users\HomePC\Desktop\FREELANCING_AIMPROJECT\backend\venv\Lib\site-packages\rest_framework\serializers.py", line 225, in is_valid
    self._validated_data = self.run_validation(self.initial_data)
                           ^^^^^^^^^^^^^^^^^^^^^^^^^^^^^^^^^^^^^^
  File "C:\Users\HomePC\Desktop\FREELANCING_AIMPROJECT\backend\venv\Lib\site-packages\rest_framework\serializers.py", line 459, in run_validation
    value = self.validate(value)
            ^^^^^^^^^^^^^^^^^^^^
  File "C:\Users\HomePC\Desktop\FREELANCING_AIMPROJECT\backend\authentication\serializers.py", line 70, in validate
    user = authenticate(username=username, password=password)
           ^^^^^^^^^^^^^^^^^^^^^^^^^^^^^^^^^^^^^^^^^^^^^^^^^^
  File "C:\Users\HomePC\Desktop\FREELANCING_AIMPROJECT\backend\venv\Lib\site-packages\django\views\decorators\debug.py", line 75, in sensitive_variables_wrapper
    return func(*func_args, **func_kwargs)
           ^^^^^^^^^^^^^^^^^^^^^^^^^^^^^^^
  File "C:\Users\HomePC\Desktop\FREELANCING_AIMPROJECT\backend\venv\Lib\site-packages\django\contrib\auth\__init__.py", line 114, in authenticate
    user = backend.authenticate(request, **credentials)
           ^^^^^^^^^^^^^^^^^^^^^^^^^^^^^^^^^^^^^^^^^^^^
  File "C:\Users\HomePC\Desktop\FREELANCING_AIMPROJECT\backend\venv\Lib\site-packages\django\contrib\auth\backends.py", line 65, in authenticate
    user = UserModel._default_manager.get_by_natural_key(username)
           ^^^^^^^^^^^^^^^^^^^^^^^^^^^^^^^^^^^^^^^^^^^^^^^^^^^^^^^
  File "C:\Users\HomePC\Desktop\FREELANCING_AIMPROJECT\backend\venv\Lib\site-packages\django\contrib\auth\base_user.py", line 37, in get_by_natural_key
    return self.get(**{self.model.USERNAME_FIELD: username})
           ^^^^^^^^^^^^^^^^^^^^^^^^^^^^^^^^^^^^^^^^^^^^^^^^^
  File "C:\Users\HomePC\Desktop\FREELANCING_AIMPROJECT\backend\venv\Lib\site-packages\django\db\models\manager.py", line 87, in manager_method
    return getattr(self.get_queryset(), name)(*args, **kwargs)
           ^^^^^^^^^^^^^^^^^^^^^^^^^^^^^^^^^^^^^^^^^^^^^^^^^^^
  File "C:\Users\HomePC\Desktop\FREELANCING_AIMPROJECT\backend\venv\Lib\site-packages\django\db\models\query.py", line 635, in get
    num = len(clone)
          ^^^^^^^^^^
  File "C:\Users\HomePC\Desktop\FREELANCING_AIMPROJECT\backend\venv\Lib\site-packages\django\db\models\query.py", line 372, in __len__
    self._fetch_all()
  File "C:\Users\HomePC\Desktop\FREELANCING_AIMPROJECT\backend\venv\Lib\site-packages\django\db\models\query.py", line 2000, in _fetch_all
    self._result_cache = list(self._iterable_class(self))
                         ^^^^^^^^^^^^^^^^^^^^^^^^^^^^^^^^
  File "C:\Users\HomePC\Desktop\FREELANCING_AIMPROJECT\backend\venv\Lib\site-packages\django\db\models\query.py", line 95, in __iter__
    results = compiler.execute_sql(
              ^^^^^^^^^^^^^^^^^^^^^
  File "C:\Users\HomePC\Desktop\FREELANCING_AIMPROJECT\backend\venv\Lib\site-packages\django\db\models\sql\compiler.py", line 1624, in execute_sql
    cursor.execute(sql, params)
  File "C:\Users\HomePC\Desktop\FREELANCING_AIMPROJECT\backend\venv\Lib\site-packages\django\db\backends\utils.py", line 122, in execute
    return super().execute(sql, params)
           ^^^^^^^^^^^^^^^^^^^^^^^^^^^^
  File "C:\Users\HomePC\Desktop\FREELANCING_AIMPROJECT\backend\venv\Lib\site-packages\django\db\backends\utils.py", line 79, in execute
    return self._execute_with_wrappers(
           ^^^^^^^^^^^^^^^^^^^^^^^^^^^^
  File "C:\Users\HomePC\Desktop\FREELANCING_AIMPROJECT\backend\venv\Lib\site-packages\django\db\backends\utils.py", line 92, in _execute_with_wrappers
    return executor(sql, params, many, context)
           ^^^^^^^^^^^^^^^^^^^^^^^^^^^^^^^^^^^^
  File "C:\Users\HomePC\Desktop\FREELANCING_AIMPROJECT\backend\venv\Lib\site-packages\django\db\backends\utils.py", line 100, in _execute
    with self.db.wrap_database_errors:
  File "C:\Users\HomePC\Desktop\FREELANCING_AIMPROJECT\backend\venv\Lib\site-packages\django\db\utils.py", line 94, in __exit__
    raise dj_exc_value.with_traceback(traceback) from exc_value
  File "C:\Users\HomePC\Desktop\FREELANCING_AIMPROJECT\backend\venv\Lib\site-packages\django\db\backends\utils.py", line 105, in _execute
    return self.cursor.execute(sql, params)
           ^^^^^^^^^^^^^^^^^^^^^^^^^^^^^^^^
  File "C:\Users\HomePC\Desktop\FREELANCING_AIMPROJECT\backend\venv\Lib\site-packages\django\db\backends\sqlite3\base.py", line 359, in execute
    return super().execute(query, params)
           ^^^^^^^^^^^^^^^^^^^^^^^^^^^^^^
django.db.utils.OperationalError: no such column: authentication_user.user_type
"POST /api/auth/login/ HTTP/1.1" 500 29115
Internal Server Error: /api/auth/login/
Traceback (most recent call last):
  File "C:\Users\HomePC\Desktop\FREELANCING_AIMPROJECT\backend\venv\Lib\site-packages\django\db\backends\utils.py", line 105, in _execute
    return self.cursor.execute(sql, params)
           ^^^^^^^^^^^^^^^^^^^^^^^^^^^^^^^^
  File "C:\Users\HomePC\Desktop\FREELANCING_AIMPROJECT\backend\venv\Lib\site-packages\django\db\backends\sqlite3\base.py", line 359, in execute
    return super().execute(query, params)
           ^^^^^^^^^^^^^^^^^^^^^^^^^^^^^^
sqlite3.OperationalError: no such column: authentication_user.user_type

The above exception was the direct cause of the following exception:

Traceback (most recent call last):
  File "C:\Users\HomePC\Desktop\FREELANCING_AIMPROJECT\backend\venv\Lib\site-packages\django\core\handlers\exception.py", line 55, in inner
    response = get_response(request)
               ^^^^^^^^^^^^^^^^^^^^^
  File "C:\Users\HomePC\Desktop\FREELANCING_AIMPROJECT\backend\venv\Lib\site-packages\django\core\handlers\base.py", line 198, in _get_response
    response = wrapped_callback(request, *callback_args, **callback_kwargs)
               ^^^^^^^^^^^^^^^^^^^^^^^^^^^^^^^^^^^^^^^^^^^^^^^^^^^^^^^^^^^^
  File "C:\Users\HomePC\Desktop\FREELANCING_AIMPROJECT\backend\venv\Lib\site-packages\django\views\decorators\csrf.py", line 65, in _view_wrapper
    return view_func(request, *args, **kwargs)
           ^^^^^^^^^^^^^^^^^^^^^^^^^^^^^^^^^^^
  File "C:\Users\HomePC\Desktop\FREELANCING_AIMPROJECT\backend\venv\Lib\site-packages\django\views\generic\base.py", line 106, in view
    return self.dispatch(request, *args, **kwargs)
           ^^^^^^^^^^^^^^^^^^^^^^^^^^^^^^^^^^^^^^^
  File "C:\Users\HomePC\Desktop\FREELANCING_AIMPROJECT\backend\venv\Lib\site-packages\rest_framework\views.py", line 515, in dispatch
    response = self.handle_exception(exc)
               ^^^^^^^^^^^^^^^^^^^^^^^^^^
  File "C:\Users\HomePC\Desktop\FREELANCING_AIMPROJECT\backend\venv\Lib\site-packages\rest_framework\views.py", line 475, in handle_exception
    self.raise_uncaught_exception(exc)
  File "C:\Users\HomePC\Desktop\FREELANCING_AIMPROJECT\backend\venv\Lib\site-packages\rest_framework\views.py", line 486, in raise_uncaught_exception
    raise exc
  File "C:\Users\HomePC\Desktop\FREELANCING_AIMPROJECT\backend\venv\Lib\site-packages\rest_framework\views.py", line 512, in dispatch
    response = handler(request, *args, **kwargs)
               ^^^^^^^^^^^^^^^^^^^^^^^^^^^^^^^^^
  File "C:\Users\HomePC\Desktop\FREELANCING_AIMPROJECT\backend\authentication\views.py", line 74, in post
    serializer.is_valid(raise_exception=True)
  File "C:\Users\HomePC\Desktop\FREELANCING_AIMPROJECT\backend\venv\Lib\site-packages\rest_framework\serializers.py", line 225, in is_valid
    self._validated_data = self.run_validation(self.initial_data)
                           ^^^^^^^^^^^^^^^^^^^^^^^^^^^^^^^^^^^^^^
  File "C:\Users\HomePC\Desktop\FREELANCING_AIMPROJECT\backend\venv\Lib\site-packages\rest_framework\serializers.py", line 459, in run_validation
    value = self.validate(value)
            ^^^^^^^^^^^^^^^^^^^^
  File "C:\Users\HomePC\Desktop\FREELANCING_AIMPROJECT\backend\authentication\serializers.py", line 70, in validate
    user = authenticate(username=username, password=password)
           ^^^^^^^^^^^^^^^^^^^^^^^^^^^^^^^^^^^^^^^^^^^^^^^^^^
  File "C:\Users\HomePC\Desktop\FREELANCING_AIMPROJECT\backend\venv\Lib\site-packages\django\views\decorators\debug.py", line 75, in sensitive_variables_wrapper
    return func(*func_args, **func_kwargs)
           ^^^^^^^^^^^^^^^^^^^^^^^^^^^^^^^
  File "C:\Users\HomePC\Desktop\FREELANCING_AIMPROJECT\backend\venv\Lib\site-packages\django\contrib\auth\__init__.py", line 114, in authenticate
    user = backend.authenticate(request, **credentials)
           ^^^^^^^^^^^^^^^^^^^^^^^^^^^^^^^^^^^^^^^^^^^^
  File "C:\Users\HomePC\Desktop\FREELANCING_AIMPROJECT\backend\venv\Lib\site-packages\django\contrib\auth\backends.py", line 65, in authenticate
    user = UserModel._default_manager.get_by_natural_key(username)
           ^^^^^^^^^^^^^^^^^^^^^^^^^^^^^^^^^^^^^^^^^^^^^^^^^^^^^^^
  File "C:\Users\HomePC\Desktop\FREELANCING_AIMPROJECT\backend\venv\Lib\site-packages\django\contrib\auth\base_user.py", line 37, in get_by_natural_key
    return self.get(**{self.model.USERNAME_FIELD: username})
           ^^^^^^^^^^^^^^^^^^^^^^^^^^^^^^^^^^^^^^^^^^^^^^^^^
  File "C:\Users\HomePC\Desktop\FREELANCING_AIMPROJECT\backend\venv\Lib\site-packages\django\db\models\manager.py", line 87, in manager_method
    return getattr(self.get_queryset(), name)(*args, **kwargs)
           ^^^^^^^^^^^^^^^^^^^^^^^^^^^^^^^^^^^^^^^^^^^^^^^^^^^
  File "C:\Users\HomePC\Desktop\FREELANCING_AIMPROJECT\backend\venv\Lib\site-packages\django\db\models\query.py", line 635, in get
    num = len(clone)
          ^^^^^^^^^^
  File "C:\Users\HomePC\Desktop\FREELANCING_AIMPROJECT\backend\venv\Lib\site-packages\django\db\models\query.py", line 372, in __len__
    self._fetch_all()
  File "C:\Users\HomePC\Desktop\FREELANCING_AIMPROJECT\backend\venv\Lib\site-packages\django\db\models\query.py", line 2000, in _fetch_all
    self._result_cache = list(self._iterable_class(self))
                         ^^^^^^^^^^^^^^^^^^^^^^^^^^^^^^^^
  File "C:\Users\HomePC\Desktop\FREELANCING_AIMPROJECT\backend\venv\Lib\site-packages\django\db\models\query.py", line 95, in __iter__
    results = compiler.execute_sql(
              ^^^^^^^^^^^^^^^^^^^^^
  File "C:\Users\HomePC\Desktop\FREELANCING_AIMPROJECT\backend\venv\Lib\site-packages\django\db\models\sql\compiler.py", line 1624, in execute_sql
    cursor.execute(sql, params)
  File "C:\Users\HomePC\Desktop\FREELANCING_AIMPROJECT\backend\venv\Lib\site-packages\django\db\backends\utils.py", line 122, in execute
    return super().execute(sql, params)
           ^^^^^^^^^^^^^^^^^^^^^^^^^^^^
  File "C:\Users\HomePC\Desktop\FREELANCING_AIMPROJECT\backend\venv\Lib\site-packages\django\db\backends\utils.py", line 79, in execute
    return self._execute_with_wrappers(
           ^^^^^^^^^^^^^^^^^^^^^^^^^^^^
  File "C:\Users\HomePC\Desktop\FREELANCING_AIMPROJECT\backend\venv\Lib\site-packages\django\db\backends\utils.py", line 92, in _execute_with_wrappers
    return executor(sql, params, many, context)
           ^^^^^^^^^^^^^^^^^^^^^^^^^^^^^^^^^^^^
  File "C:\Users\HomePC\Desktop\FREELANCING_AIMPROJECT\backend\venv\Lib\site-packages\django\db\backends\utils.py", line 100, in _execute
    with self.db.wrap_database_errors:
  File "C:\Users\HomePC\Desktop\FREELANCING_AIMPROJECT\backend\venv\Lib\site-packages\django\db\utils.py", line 94, in __exit__
    raise dj_exc_value.with_traceback(traceback) from exc_value
  File "C:\Users\HomePC\Desktop\FREELANCING_AIMPROJECT\backend\venv\Lib\site-packages\django\db\backends\utils.py", line 105, in _execute
    return self.cursor.execute(sql, params)
           ^^^^^^^^^^^^^^^^^^^^^^^^^^^^^^^^
  File "C:\Users\HomePC\Desktop\FREELANCING_AIMPROJECT\backend\venv\Lib\site-packages\django\db\backends\sqlite3\base.py", line 359, in execute
    return super().execute(query, params)
           ^^^^^^^^^^^^^^^^^^^^^^^^^^^^^^
django.db.utils.OperationalError: no such column: authentication_user.user_type
"POST /api/auth/login/ HTTP/1.1" 500 29115
C:\Users\HomePC\Desktop\FREELANCING_AIMPROJECT\backend\listings\serializers.py changed, reloading.
Watching for file changes with StatReloader
C:\Users\HomePC\Desktop\FREELANCING_AIMPROJECT\backend\aim_marketplace\settings.py changed, reloading.
Watching for file changes with StatReloader
C:\Users\HomePC\Desktop\FREELANCING_AIMPROJECT\backend\verification\models.py changed, reloading.
Watching for file changes with StatReloader
C:\Users\HomePC\Desktop\FREELANCING_AIMPROJECT\backend\verification\serializers.py changed, reloading.
Watching for file changes with StatReloader
C:\Users\HomePC\Desktop\FREELANCING_AIMPROJECT\backend\verification\admin.py changed, reloading.
Watching for file changes with StatReloader
Unauthorized: /api/auth/profile/
"GET /api/auth/profile/ HTTP/1.1" 401 58
Unauthorized: /api/auth/profile/
"GET /api/auth/profile/ HTTP/1.1" 401 58
Internal Server Error: /api/auth/login/
Traceback (most recent call last):
  File "C:\Users\HomePC\Desktop\FREELANCING_AIMPROJECT\backend\venv\Lib\site-packages\django\db\backends\utils.py", line 105, in _execute
    return self.cursor.execute(sql, params)
           ^^^^^^^^^^^^^^^^^^^^^^^^^^^^^^^^
  File "C:\Users\HomePC\Desktop\FREELANCING_AIMPROJECT\backend\venv\Lib\site-packages\django\db\backends\sqlite3\base.py", line 359, in execute
    return super().execute(query, params)
           ^^^^^^^^^^^^^^^^^^^^^^^^^^^^^^
sqlite3.OperationalError: no such column: authentication_user.user_type

The above exception was the direct cause of the following exception:

Traceback (most recent call last):
  File "C:\Users\HomePC\Desktop\FREELANCING_AIMPROJECT\backend\venv\Lib\site-packages\django\core\handlers\exception.py", line 55, in inner
    response = get_response(request)
               ^^^^^^^^^^^^^^^^^^^^^
  File "C:\Users\HomePC\Desktop\FREELANCING_AIMPROJECT\backend\venv\Lib\site-packages\django\core\handlers\base.py", line 198, in _get_response
    response = wrapped_callback(request, *callback_args, **callback_kwargs)
               ^^^^^^^^^^^^^^^^^^^^^^^^^^^^^^^^^^^^^^^^^^^^^^^^^^^^^^^^^^^^
  File "C:\Users\HomePC\Desktop\FREELANCING_AIMPROJECT\backend\venv\Lib\site-packages\django\views\decorators\csrf.py", line 65, in _view_wrapper
    return view_func(request, *args, **kwargs)
           ^^^^^^^^^^^^^^^^^^^^^^^^^^^^^^^^^^^
  File "C:\Users\HomePC\Desktop\FREELANCING_AIMPROJECT\backend\venv\Lib\site-packages\django\views\generic\base.py", line 106, in view
    return self.dispatch(request, *args, **kwargs)
           ^^^^^^^^^^^^^^^^^^^^^^^^^^^^^^^^^^^^^^^
  File "C:\Users\HomePC\Desktop\FREELANCING_AIMPROJECT\backend\venv\Lib\site-packages\rest_framework\views.py", line 515, in dispatch
    response = self.handle_exception(exc)
               ^^^^^^^^^^^^^^^^^^^^^^^^^^
  File "C:\Users\HomePC\Desktop\FREELANCING_AIMPROJECT\backend\venv\Lib\site-packages\rest_framework\views.py", line 475, in handle_exception
    self.raise_uncaught_exception(exc)
  File "C:\Users\HomePC\Desktop\FREELANCING_AIMPROJECT\backend\venv\Lib\site-packages\rest_framework\views.py", line 486, in raise_uncaught_exception
    raise exc
  File "C:\Users\HomePC\Desktop\FREELANCING_AIMPROJECT\backend\venv\Lib\site-packages\rest_framework\views.py", line 512, in dispatch
    response = handler(request, *args, **kwargs)
               ^^^^^^^^^^^^^^^^^^^^^^^^^^^^^^^^^
  File "C:\Users\HomePC\Desktop\FREELANCING_AIMPROJECT\backend\authentication\views.py", line 74, in post
    serializer.is_valid(raise_exception=True)
  File "C:\Users\HomePC\Desktop\FREELANCING_AIMPROJECT\backend\venv\Lib\site-packages\rest_framework\serializers.py", line 225, in is_valid
    self._validated_data = self.run_validation(self.initial_data)
                           ^^^^^^^^^^^^^^^^^^^^^^^^^^^^^^^^^^^^^^
  File "C:\Users\HomePC\Desktop\FREELANCING_AIMPROJECT\backend\venv\Lib\site-packages\rest_framework\serializers.py", line 459, in run_validation
    value = self.validate(value)
            ^^^^^^^^^^^^^^^^^^^^
  File "C:\Users\HomePC\Desktop\FREELANCING_AIMPROJECT\backend\authentication\serializers.py", line 70, in validate
    user = authenticate(username=username, password=password)
           ^^^^^^^^^^^^^^^^^^^^^^^^^^^^^^^^^^^^^^^^^^^^^^^^^^
  File "C:\Users\HomePC\Desktop\FREELANCING_AIMPROJECT\backend\venv\Lib\site-packages\django\views\decorators\debug.py", line 75, in sensitive_variables_wrapper
    return func(*func_args, **func_kwargs)
           ^^^^^^^^^^^^^^^^^^^^^^^^^^^^^^^
  File "C:\Users\HomePC\Desktop\FREELANCING_AIMPROJECT\backend\venv\Lib\site-packages\django\contrib\auth\__init__.py", line 114, in authenticate
    user = backend.authenticate(request, **credentials)
           ^^^^^^^^^^^^^^^^^^^^^^^^^^^^^^^^^^^^^^^^^^^^
  File "C:\Users\HomePC\Desktop\FREELANCING_AIMPROJECT\backend\venv\Lib\site-packages\django\contrib\auth\backends.py", line 65, in authenticate
    user = UserModel._default_manager.get_by_natural_key(username)
           ^^^^^^^^^^^^^^^^^^^^^^^^^^^^^^^^^^^^^^^^^^^^^^^^^^^^^^^
  File "C:\Users\HomePC\Desktop\FREELANCING_AIMPROJECT\backend\venv\Lib\site-packages\django\contrib\auth\base_user.py", line 37, in get_by_natural_key
    return self.get(**{self.model.USERNAME_FIELD: username})
           ^^^^^^^^^^^^^^^^^^^^^^^^^^^^^^^^^^^^^^^^^^^^^^^^^
  File "C:\Users\HomePC\Desktop\FREELANCING_AIMPROJECT\backend\venv\Lib\site-packages\django\db\models\manager.py", line 87, in manager_method
    return getattr(self.get_queryset(), name)(*args, **kwargs)
           ^^^^^^^^^^^^^^^^^^^^^^^^^^^^^^^^^^^^^^^^^^^^^^^^^^^
  File "C:\Users\HomePC\Desktop\FREELANCING_AIMPROJECT\backend\venv\Lib\site-packages\django\db\models\query.py", line 635, in get
    num = len(clone)
          ^^^^^^^^^^
  File "C:\Users\HomePC\Desktop\FREELANCING_AIMPROJECT\backend\venv\Lib\site-packages\django\db\models\query.py", line 372, in __len__
    self._fetch_all()
  File "C:\Users\HomePC\Desktop\FREELANCING_AIMPROJECT\backend\venv\Lib\site-packages\django\db\models\query.py", line 2000, in _fetch_all
    self._result_cache = list(self._iterable_class(self))
                         ^^^^^^^^^^^^^^^^^^^^^^^^^^^^^^^^
  File "C:\Users\HomePC\Desktop\FREELANCING_AIMPROJECT\backend\venv\Lib\site-packages\django\db\models\query.py", line 95, in __iter__
    results = compiler.execute_sql(
              ^^^^^^^^^^^^^^^^^^^^^
  File "C:\Users\HomePC\Desktop\FREELANCING_AIMPROJECT\backend\venv\Lib\site-packages\django\db\models\sql\compiler.py", line 1624, in execute_sql
    cursor.execute(sql, params)
  File "C:\Users\HomePC\Desktop\FREELANCING_AIMPROJECT\backend\venv\Lib\site-packages\django\db\backends\utils.py", line 122, in execute
    return super().execute(sql, params)
           ^^^^^^^^^^^^^^^^^^^^^^^^^^^^
  File "C:\Users\HomePC\Desktop\FREELANCING_AIMPROJECT\backend\venv\Lib\site-packages\django\db\backends\utils.py", line 79, in execute
    return self._execute_with_wrappers(
           ^^^^^^^^^^^^^^^^^^^^^^^^^^^^
  File "C:\Users\HomePC\Desktop\FREELANCING_AIMPROJECT\backend\venv\Lib\site-packages\django\db\backends\utils.py", line 92, in _execute_with_wrappers
    return executor(sql, params, many, context)
           ^^^^^^^^^^^^^^^^^^^^^^^^^^^^^^^^^^^^
  File "C:\Users\HomePC\Desktop\FREELANCING_AIMPROJECT\backend\venv\Lib\site-packages\django\db\backends\utils.py", line 100, in _execute
    with self.db.wrap_database_errors:
  File "C:\Users\HomePC\Desktop\FREELANCING_AIMPROJECT\backend\venv\Lib\site-packages\django\db\utils.py", line 94, in __exit__
    raise dj_exc_value.with_traceback(traceback) from exc_value
  File "C:\Users\HomePC\Desktop\FREELANCING_AIMPROJECT\backend\venv\Lib\site-packages\django\db\backends\utils.py", line 105, in _execute
    return self.cursor.execute(sql, params)
           ^^^^^^^^^^^^^^^^^^^^^^^^^^^^^^^^
  File "C:\Users\HomePC\Desktop\FREELANCING_AIMPROJECT\backend\venv\Lib\site-packages\django\db\backends\sqlite3\base.py", line 359, in execute
    return super().execute(query, params)
           ^^^^^^^^^^^^^^^^^^^^^^^^^^^^^^
django.db.utils.OperationalError: no such column: authentication_user.user_type
"POST /api/auth/login/ HTTP/1.1" 500 29148
Internal Server Error: /api/auth/login/
Traceback (most recent call last):
  File "C:\Users\HomePC\Desktop\FREELANCING_AIMPROJECT\backend\venv\Lib\site-packages\django\db\backends\utils.py", line 105, in _execute
    return self.cursor.execute(sql, params)
           ^^^^^^^^^^^^^^^^^^^^^^^^^^^^^^^^
  File "C:\Users\HomePC\Desktop\FREELANCING_AIMPROJECT\backend\venv\Lib\site-packages\django\db\backends\sqlite3\base.py", line 359, in execute
    return super().execute(query, params)
           ^^^^^^^^^^^^^^^^^^^^^^^^^^^^^^
sqlite3.OperationalError: no such column: authentication_user.user_type

The above exception was the direct cause of the following exception:

Traceback (most recent call last):
  File "C:\Users\HomePC\Desktop\FREELANCING_AIMPROJECT\backend\venv\Lib\site-packages\django\core\handlers\exception.py", line 55, in inner
    response = get_response(request)
               ^^^^^^^^^^^^^^^^^^^^^
  File "C:\Users\HomePC\Desktop\FREELANCING_AIMPROJECT\backend\venv\Lib\site-packages\django\core\handlers\base.py", line 198, in _get_response
    response = wrapped_callback(request, *callback_args, **callback_kwargs)
               ^^^^^^^^^^^^^^^^^^^^^^^^^^^^^^^^^^^^^^^^^^^^^^^^^^^^^^^^^^^^
  File "C:\Users\HomePC\Desktop\FREELANCING_AIMPROJECT\backend\venv\Lib\site-packages\django\views\decorators\csrf.py", line 65, in _view_wrapper
    return view_func(request, *args, **kwargs)
           ^^^^^^^^^^^^^^^^^^^^^^^^^^^^^^^^^^^
  File "C:\Users\HomePC\Desktop\FREELANCING_AIMPROJECT\backend\venv\Lib\site-packages\django\views\generic\base.py", line 106, in view
    return self.dispatch(request, *args, **kwargs)
           ^^^^^^^^^^^^^^^^^^^^^^^^^^^^^^^^^^^^^^^
  File "C:\Users\HomePC\Desktop\FREELANCING_AIMPROJECT\backend\venv\Lib\site-packages\rest_framework\views.py", line 515, in dispatch
    response = self.handle_exception(exc)
               ^^^^^^^^^^^^^^^^^^^^^^^^^^
  File "C:\Users\HomePC\Desktop\FREELANCING_AIMPROJECT\backend\venv\Lib\site-packages\rest_framework\views.py", line 475, in handle_exception
    self.raise_uncaught_exception(exc)
  File "C:\Users\HomePC\Desktop\FREELANCING_AIMPROJECT\backend\venv\Lib\site-packages\rest_framework\views.py", line 486, in raise_uncaught_exception
    raise exc
  File "C:\Users\HomePC\Desktop\FREELANCING_AIMPROJECT\backend\venv\Lib\site-packages\rest_framework\views.py", line 512, in dispatch
    response = handler(request, *args, **kwargs)
               ^^^^^^^^^^^^^^^^^^^^^^^^^^^^^^^^^
  File "C:\Users\HomePC\Desktop\FREELANCING_AIMPROJECT\backend\authentication\views.py", line 74, in post
    serializer.is_valid(raise_exception=True)
  File "C:\Users\HomePC\Desktop\FREELANCING_AIMPROJECT\backend\venv\Lib\site-packages\rest_framework\serializers.py", line 225, in is_valid
    self._validated_data = self.run_validation(self.initial_data)
                           ^^^^^^^^^^^^^^^^^^^^^^^^^^^^^^^^^^^^^^
  File "C:\Users\HomePC\Desktop\FREELANCING_AIMPROJECT\backend\venv\Lib\site-packages\rest_framework\serializers.py", line 459, in run_validation
    value = self.validate(value)
            ^^^^^^^^^^^^^^^^^^^^
  File "C:\Users\HomePC\Desktop\FREELANCING_AIMPROJECT\backend\authentication\serializers.py", line 70, in validate
    user = authenticate(username=username, password=password)
           ^^^^^^^^^^^^^^^^^^^^^^^^^^^^^^^^^^^^^^^^^^^^^^^^^^
  File "C:\Users\HomePC\Desktop\FREELANCING_AIMPROJECT\backend\venv\Lib\site-packages\django\views\decorators\debug.py", line 75, in sensitive_variables_wrapper
    return func(*func_args, **func_kwargs)
           ^^^^^^^^^^^^^^^^^^^^^^^^^^^^^^^
  File "C:\Users\HomePC\Desktop\FREELANCING_AIMPROJECT\backend\venv\Lib\site-packages\django\contrib\auth\__init__.py", line 114, in authenticate
    user = backend.authenticate(request, **credentials)
           ^^^^^^^^^^^^^^^^^^^^^^^^^^^^^^^^^^^^^^^^^^^^
  File "C:\Users\HomePC\Desktop\FREELANCING_AIMPROJECT\backend\venv\Lib\site-packages\django\contrib\auth\backends.py", line 65, in authenticate
    user = UserModel._default_manager.get_by_natural_key(username)
           ^^^^^^^^^^^^^^^^^^^^^^^^^^^^^^^^^^^^^^^^^^^^^^^^^^^^^^^
  File "C:\Users\HomePC\Desktop\FREELANCING_AIMPROJECT\backend\venv\Lib\site-packages\django\contrib\auth\base_user.py", line 37, in get_by_natural_key
    return self.get(**{self.model.USERNAME_FIELD: username})
           ^^^^^^^^^^^^^^^^^^^^^^^^^^^^^^^^^^^^^^^^^^^^^^^^^
  File "C:\Users\HomePC\Desktop\FREELANCING_AIMPROJECT\backend\venv\Lib\site-packages\django\db\models\manager.py", line 87, in manager_method
    return getattr(self.get_queryset(), name)(*args, **kwargs)
           ^^^^^^^^^^^^^^^^^^^^^^^^^^^^^^^^^^^^^^^^^^^^^^^^^^^
  File "C:\Users\HomePC\Desktop\FREELANCING_AIMPROJECT\backend\venv\Lib\site-packages\django\db\models\query.py", line 635, in get
    num = len(clone)
          ^^^^^^^^^^
  File "C:\Users\HomePC\Desktop\FREELANCING_AIMPROJECT\backend\venv\Lib\site-packages\django\db\models\query.py", line 372, in __len__
    self._fetch_all()
  File "C:\Users\HomePC\Desktop\FREELANCING_AIMPROJECT\backend\venv\Lib\site-packages\django\db\models\query.py", line 2000, in _fetch_all
    self._result_cache = list(self._iterable_class(self))
                         ^^^^^^^^^^^^^^^^^^^^^^^^^^^^^^^^
  File "C:\Users\HomePC\Desktop\FREELANCING_AIMPROJECT\backend\venv\Lib\site-packages\django\db\models\query.py", line 95, in __iter__
    results = compiler.execute_sql(
              ^^^^^^^^^^^^^^^^^^^^^
  File "C:\Users\HomePC\Desktop\FREELANCING_AIMPROJECT\backend\venv\Lib\site-packages\django\db\models\sql\compiler.py", line 1624, in execute_sql
    cursor.execute(sql, params)
  File "C:\Users\HomePC\Desktop\FREELANCING_AIMPROJECT\backend\venv\Lib\site-packages\django\db\backends\utils.py", line 122, in execute
    return super().execute(sql, params)
           ^^^^^^^^^^^^^^^^^^^^^^^^^^^^
  File "C:\Users\HomePC\Desktop\FREELANCING_AIMPROJECT\backend\venv\Lib\site-packages\django\db\backends\utils.py", line 79, in execute
    return self._execute_with_wrappers(
           ^^^^^^^^^^^^^^^^^^^^^^^^^^^^
  File "C:\Users\HomePC\Desktop\FREELANCING_AIMPROJECT\backend\venv\Lib\site-packages\django\db\backends\utils.py", line 92, in _execute_with_wrappers
    return executor(sql, params, many, context)
           ^^^^^^^^^^^^^^^^^^^^^^^^^^^^^^^^^^^^
  File "C:\Users\HomePC\Desktop\FREELANCING_AIMPROJECT\backend\venv\Lib\site-packages\django\db\backends\utils.py", line 100, in _execute
    with self.db.wrap_database_errors:
  File "C:\Users\HomePC\Desktop\FREELANCING_AIMPROJECT\backend\venv\Lib\site-packages\django\db\utils.py", line 94, in __exit__
    raise dj_exc_value.with_traceback(traceback) from exc_value
  File "C:\Users\HomePC\Desktop\FREELANCING_AIMPROJECT\backend\venv\Lib\site-packages\django\db\backends\utils.py", line 105, in _execute
    return self.cursor.execute(sql, params)
           ^^^^^^^^^^^^^^^^^^^^^^^^^^^^^^^^
  File "C:\Users\HomePC\Desktop\FREELANCING_AIMPROJECT\backend\venv\Lib\site-packages\django\db\backends\sqlite3\base.py", line 359, in execute
    return super().execute(query, params)
           ^^^^^^^^^^^^^^^^^^^^^^^^^^^^^^
django.db.utils.OperationalError: no such column: authentication_user.user_type
"POST /api/auth/login/ HTTP/1.1" 500 29148
"GET /api/listings/?featured=true&page=1 HTTP/1.1" 200 52
"GET /api/listings/?featured=true&page=1 HTTP/1.1" 200 52
Unauthorized: /api/auth/profile/
"GET /api/auth/profile/ HTTP/1.1" 401 58
"GET /api/listings/?featured=true&page=1 HTTP/1.1" 200 52
Unauthorized: /api/auth/profile/
"GET /api/auth/profile/ HTTP/1.1" 401 58
Internal Server Error: /api/auth/login/
Traceback (most recent call last):
  File "C:\Users\HomePC\Desktop\FREELANCING_AIMPROJECT\backend\venv\Lib\site-packages\django\db\backends\utils.py", line 105, in _execute
    return self.cursor.execute(sql, params)
           ^^^^^^^^^^^^^^^^^^^^^^^^^^^^^^^^
  File "C:\Users\HomePC\Desktop\FREELANCING_AIMPROJECT\backend\venv\Lib\site-packages\django\db\backends\sqlite3\base.py", line 359, in execute
    return super().execute(query, params)
           ^^^^^^^^^^^^^^^^^^^^^^^^^^^^^^
sqlite3.OperationalError: no such column: authentication_user.user_type

The above exception was the direct cause of the following exception:

Traceback (most recent call last):
  File "C:\Users\HomePC\Desktop\FREELANCING_AIMPROJECT\backend\venv\Lib\site-packages\django\core\handlers\exception.py", line 55, in inner
    response = get_response(request)
               ^^^^^^^^^^^^^^^^^^^^^
  File "C:\Users\HomePC\Desktop\FREELANCING_AIMPROJECT\backend\venv\Lib\site-packages\django\core\handlers\base.py", line 198, in _get_response
    response = wrapped_callback(request, *callback_args, **callback_kwargs)
               ^^^^^^^^^^^^^^^^^^^^^^^^^^^^^^^^^^^^^^^^^^^^^^^^^^^^^^^^^^^^
  File "C:\Users\HomePC\Desktop\FREELANCING_AIMPROJECT\backend\venv\Lib\site-packages\django\views\decorators\csrf.py", line 65, in _view_wrapper
    return view_func(request, *args, **kwargs)
           ^^^^^^^^^^^^^^^^^^^^^^^^^^^^^^^^^^^
  File "C:\Users\HomePC\Desktop\FREELANCING_AIMPROJECT\backend\venv\Lib\site-packages\django\views\generic\base.py", line 106, in view
    return self.dispatch(request, *args, **kwargs)
           ^^^^^^^^^^^^^^^^^^^^^^^^^^^^^^^^^^^^^^^
  File "C:\Users\HomePC\Desktop\FREELANCING_AIMPROJECT\backend\venv\Lib\site-packages\rest_framework\views.py", line 515, in dispatch
    response = self.handle_exception(exc)
               ^^^^^^^^^^^^^^^^^^^^^^^^^^
  File "C:\Users\HomePC\Desktop\FREELANCING_AIMPROJECT\backend\venv\Lib\site-packages\rest_framework\views.py", line 475, in handle_exception
    self.raise_uncaught_exception(exc)
  File "C:\Users\HomePC\Desktop\FREELANCING_AIMPROJECT\backend\venv\Lib\site-packages\rest_framework\views.py", line 486, in raise_uncaught_exception
    raise exc
  File "C:\Users\HomePC\Desktop\FREELANCING_AIMPROJECT\backend\venv\Lib\site-packages\rest_framework\views.py", line 512, in dispatch
    response = handler(request, *args, **kwargs)
               ^^^^^^^^^^^^^^^^^^^^^^^^^^^^^^^^^
  File "C:\Users\HomePC\Desktop\FREELANCING_AIMPROJECT\backend\authentication\views.py", line 74, in post
    serializer.is_valid(raise_exception=True)
  File "C:\Users\HomePC\Desktop\FREELANCING_AIMPROJECT\backend\venv\Lib\site-packages\rest_framework\serializers.py", line 225, in is_valid
    self._validated_data = self.run_validation(self.initial_data)
                           ^^^^^^^^^^^^^^^^^^^^^^^^^^^^^^^^^^^^^^
  File "C:\Users\HomePC\Desktop\FREELANCING_AIMPROJECT\backend\venv\Lib\site-packages\rest_framework\serializers.py", line 459, in run_validation
    value = self.validate(value)
            ^^^^^^^^^^^^^^^^^^^^
  File "C:\Users\HomePC\Desktop\FREELANCING_AIMPROJECT\backend\authentication\serializers.py", line 70, in validate
    user = authenticate(username=username, password=password)
           ^^^^^^^^^^^^^^^^^^^^^^^^^^^^^^^^^^^^^^^^^^^^^^^^^^
  File "C:\Users\HomePC\Desktop\FREELANCING_AIMPROJECT\backend\venv\Lib\site-packages\django\views\decorators\debug.py", line 75, in sensitive_variables_wrapper
    return func(*func_args, **func_kwargs)
           ^^^^^^^^^^^^^^^^^^^^^^^^^^^^^^^
  File "C:\Users\HomePC\Desktop\FREELANCING_AIMPROJECT\backend\venv\Lib\site-packages\django\contrib\auth\__init__.py", line 114, in authenticate
    user = backend.authenticate(request, **credentials)
           ^^^^^^^^^^^^^^^^^^^^^^^^^^^^^^^^^^^^^^^^^^^^
  File "C:\Users\HomePC\Desktop\FREELANCING_AIMPROJECT\backend\venv\Lib\site-packages\django\contrib\auth\backends.py", line 65, in authenticate
    user = UserModel._default_manager.get_by_natural_key(username)
           ^^^^^^^^^^^^^^^^^^^^^^^^^^^^^^^^^^^^^^^^^^^^^^^^^^^^^^^
  File "C:\Users\HomePC\Desktop\FREELANCING_AIMPROJECT\backend\venv\Lib\site-packages\django\contrib\auth\base_user.py", line 37, in get_by_natural_key
    return self.get(**{self.model.USERNAME_FIELD: username})
           ^^^^^^^^^^^^^^^^^^^^^^^^^^^^^^^^^^^^^^^^^^^^^^^^^
  File "C:\Users\HomePC\Desktop\FREELANCING_AIMPROJECT\backend\venv\Lib\site-packages\django\db\models\manager.py", line 87, in manager_method
    return getattr(self.get_queryset(), name)(*args, **kwargs)
           ^^^^^^^^^^^^^^^^^^^^^^^^^^^^^^^^^^^^^^^^^^^^^^^^^^^
  File "C:\Users\HomePC\Desktop\FREELANCING_AIMPROJECT\backend\venv\Lib\site-packages\django\db\models\query.py", line 635, in get
    num = len(clone)
          ^^^^^^^^^^
  File "C:\Users\HomePC\Desktop\FREELANCING_AIMPROJECT\backend\venv\Lib\site-packages\django\db\models\query.py", line 372, in __len__
    self._fetch_all()
  File "C:\Users\HomePC\Desktop\FREELANCING_AIMPROJECT\backend\venv\Lib\site-packages\django\db\models\query.py", line 2000, in _fetch_all
    self._result_cache = list(self._iterable_class(self))
                         ^^^^^^^^^^^^^^^^^^^^^^^^^^^^^^^^
  File "C:\Users\HomePC\Desktop\FREELANCING_AIMPROJECT\backend\venv\Lib\site-packages\django\db\models\query.py", line 95, in __iter__
    results = compiler.execute_sql(
              ^^^^^^^^^^^^^^^^^^^^^
  File "C:\Users\HomePC\Desktop\FREELANCING_AIMPROJECT\backend\venv\Lib\site-packages\django\db\models\sql\compiler.py", line 1624, in execute_sql
    cursor.execute(sql, params)
  File "C:\Users\HomePC\Desktop\FREELANCING_AIMPROJECT\backend\venv\Lib\site-packages\django\db\backends\utils.py", line 122, in execute
    return super().execute(sql, params)
           ^^^^^^^^^^^^^^^^^^^^^^^^^^^^
  File "C:\Users\HomePC\Desktop\FREELANCING_AIMPROJECT\backend\venv\Lib\site-packages\django\db\backends\utils.py", line 79, in execute
    return self._execute_with_wrappers(
           ^^^^^^^^^^^^^^^^^^^^^^^^^^^^
  File "C:\Users\HomePC\Desktop\FREELANCING_AIMPROJECT\backend\venv\Lib\site-packages\django\db\backends\utils.py", line 92, in _execute_with_wrappers
    return executor(sql, params, many, context)
           ^^^^^^^^^^^^^^^^^^^^^^^^^^^^^^^^^^^^
  File "C:\Users\HomePC\Desktop\FREELANCING_AIMPROJECT\backend\venv\Lib\site-packages\django\db\backends\utils.py", line 100, in _execute
    with self.db.wrap_database_errors:
  File "C:\Users\HomePC\Desktop\FREELANCING_AIMPROJECT\backend\venv\Lib\site-packages\django\db\utils.py", line 94, in __exit__
    raise dj_exc_value.with_traceback(traceback) from exc_value
  File "C:\Users\HomePC\Desktop\FREELANCING_AIMPROJECT\backend\venv\Lib\site-packages\django\db\backends\utils.py", line 105, in _execute
    return self.cursor.execute(sql, params)
           ^^^^^^^^^^^^^^^^^^^^^^^^^^^^^^^^
  File "C:\Users\HomePC\Desktop\FREELANCING_AIMPROJECT\backend\venv\Lib\site-packages\django\db\backends\sqlite3\base.py", line 359, in execute
    return super().execute(query, params)
           ^^^^^^^^^^^^^^^^^^^^^^^^^^^^^^
django.db.utils.OperationalError: no such column: authentication_user.user_type
"POST /api/auth/login/ HTTP/1.1" 500 29148
Unauthorized: /api/auth/profile/
"GET /api/auth/profile/ HTTP/1.1" 401 58
"POST /api/auth/generate-username/ HTTP/1.1" 200 34
"GET /api/listings/?page=1&ordering=-created_at HTTP/1.1" 200 52
Unauthorized: /api/auth/profile/
"GET /api/auth/profile/ HTTP/1.1" 401 58
"GET /api/listings/?page=1&ordering=-created_at HTTP/1.1" 200 52
Unauthorized: /api/auth/profile/
"GET /api/auth/profile/ HTTP/1.1" 401 58
"GET /api/bounties/?status=open HTTP/1.1" 200 52
Unauthorized: /api/auth/profile/
"GET /api/auth/profile/ HTTP/1.1" 401 58
Unauthorized: /api/auth/profile/
"GET /api/auth/profile/ HTTP/1.1" 401 58
Unauthorized: /api/chat/rooms/
"GET /api/chat/rooms/ HTTP/1.1" 401 58
Unauthorized: /api/auth/profile/
"GET /api/auth/profile/ HTTP/1.1" 401 58
Unauthorized: /api/auth/profile/
"GET /api/auth/profile/ HTTP/1.1" 401 58
"GET /api/listings/?featured=true&page=1 HTTP/1.1" 200 52
Unauthorized: /api/auth/profile/
"GET /api/auth/profile/ HTTP/1.1" 401 58
Unauthorized: /api/auth/profile/
"GET /api/auth/profile/ HTTP/1.1" 401 58
"POST /api/auth/generate-username/ HTTP/1.1" 200 31
Bad Request: /api/auth/register/
"POST /api/auth/register/ HTTP/1.1" 400 45
C:\Users\HomePC\Desktop\FREELANCING_AIMPROJECT\backend\authentication\views.py changed, reloading.
Watching for file changes with StatReloader
Unauthorized: /api/auth/profile/
"GET /api/auth/profile/ HTTP/1.1" 401 58
"GET /api/listings/?featured=true&page=1 HTTP/1.1" 200 52
Unauthorized: /api/auth/profile/
"GET /api/auth/profile/ HTTP/1.1" 401 58
Unauthorized: /api/auth/profile/
"GET /api/auth/profile/ HTTP/1.1" 401 58
C:\Users\HomePC\Desktop\FREELANCING_AIMPROJECT\backend\authentication\models.py changed, reloading.
Watching for file changes with StatReloader
C:\Users\HomePC\Desktop\FREELANCING_AIMPROJECT\backend\authentication\serializers.py changed, reloading.
Watching for file changes with StatReloader
Unauthorized: /api/auth/profile/
"GET /api/auth/profile/ HTTP/1.1" 401 58
"GET /api/listings/?featured=true&page=1 HTTP/1.1" 200 52
Unauthorized: /api/auth/profile/
"GET /api/auth/profile/ HTTP/1.1" 401 58
Unauthorized: /api/auth/profile/
"GET /api/auth/profile/ HTTP/1.1" 401 58
"POST /api/auth/generate-username/ HTTP/1.1" 200 32
"POST /api/auth/register/ HTTP/1.1" 201 1327
"OPTIONS /api/listings/?limit=6 HTTP/1.1" 200 0
"OPTIONS /api/listings/?limit=6 HTTP/1.1" 200 0
"GET /api/listings/?limit=6 HTTP/1.1" 200 52
"GET /api/auth/stats/ HTTP/1.1" 200 167
"GET /api/transactions/ HTTP/1.1" 200 52
"GET /api/transactions/ HTTP/1.1" 200 52
"GET /api/auth/stats/ HTTP/1.1" 200 167
"GET /api/listings/?limit=6 HTTP/1.1" 200 52
"POST /api/auth/logout/ HTTP/1.1" 200 37
Bad Request: /api/auth/login/
"POST /api/auth/login/ HTTP/1.1" 400 44
"POST /api/auth/login/ HTTP/1.1" 200 1327
"GET /api/listings/?limit=6 HTTP/1.1" 200 52
"GET /api/transactions/ HTTP/1.1" 200 52
"GET /api/transactions/ HTTP/1.1" 200 52
"GET /api/listings/?limit=6 HTTP/1.1" 200 52
"GET /api/auth/stats/ HTTP/1.1" 200 167
"GET /api/auth/stats/ HTTP/1.1" 200 167
"GET /api/listings/?page=1&ordering=-created_at HTTP/1.1" 200 52
"GET /api/listings/?page=1&ordering=-created_at HTTP/1.1" 200 52
"GET /api/listings/?page=1&ordering=-created_at HTTP/1.1" 200 52
"POST /api/auth/login/ HTTP/1.1" 200 1327
"GET /api/transactions/ HTTP/1.1" 200 52
"GET /api/listings/?limit=6 HTTP/1.1" 200 52
"GET /api/transactions/ HTTP/1.1" 200 52
"GET /api/auth/stats/ HTTP/1.1" 200 167
"GET /api/listings/?limit=6 HTTP/1.1" 200 52
"GET /api/auth/stats/ HTTP/1.1" 200 167
"OPTIONS /api/auth/profile/ HTTP/1.1" 200 0
"GET /api/auth/profile/ HTTP/1.1" 200 825
"OPTIONS /api/listings/?page=1&page_size=50 HTTP/1.1" 200 0
"OPTIONS /api/transactions/disputes/ HTTP/1.1" 200 0
"OPTIONS /api/api/v1/verification/demos/ HTTP/1.1" 200 0
"GET /api/transactions/ HTTP/1.1" 200 52
"GET /api/listings/?page=1&page_size=50 HTTP/1.1" 200 52
Not Found: /api/api/v1/verification/demos/
"GET /api/api/v1/verification/demos/ HTTP/1.1" 404 3830
"GET /api/transactions/disputes/ HTTP/1.1" 200 52
"GET /api/transactions/ HTTP/1.1" 200 52
"GET /api/listings/?limit=6 HTTP/1.1" 200 52
"GET /api/listings/?limit=6 HTTP/1.1" 200 52
"GET /api/transactions/ HTTP/1.1" 200 52
"GET /api/auth/stats/ HTTP/1.1" 200 167
"GET /api/auth/stats/ HTTP/1.1" 200 167
"GET /api/auth/profile/ HTTP/1.1" 200 825
"POST /api/auth/logout/ HTTP/1.1" 200 37
"GET /api/listings/?featured=true&page=1 HTTP/1.1" 200 52
"GET /api/listings/?featured=true&page=1 HTTP/1.1" 200 52
"POST /api/auth/generate-username/ HTTP/1.1" 200 32
"POST /api/auth/register/ HTTP/1.1" 201 1327
"GET /api/transactions/ HTTP/1.1" 200 52
"GET /api/auth/stats/ HTTP/1.1" 200 167
"GET /api/listings/?limit=6 HTTP/1.1" 200 52
"GET /api/transactions/ HTTP/1.1" 200 52
"GET /api/listings/?limit=6 HTTP/1.1" 200 52
"GET /api/auth/stats/ HTTP/1.1" 200 167
"GET /api/auth/profile/ HTTP/1.1" 200 825
"GET /api/transactions/ HTTP/1.1" 200 52
"GET /api/transactions/disputes/ HTTP/1.1" 200 52
Not Found: /api/api/v1/verification/demos/
"GET /api/listings/?page=1&page_size=50 HTTP/1.1" 200 52
"GET /api/api/v1/verification/demos/ HTTP/1.1" 404 3830
"GET /api/transactions/ HTTP/1.1" 200 52
"GET /api/listings/?limit=6 HTTP/1.1" 200 52
"GET /api/transactions/ HTTP/1.1" 200 52
"GET /api/auth/stats/ HTTP/1.1" 200 167
"GET /api/listings/?limit=6 HTTP/1.1" 200 52
"GET /api/auth/stats/ HTTP/1.1" 200 167
"OPTIONS /api/listings/?featured=true&page=1 HTTP/1.1" 200 0
"GET /api/auth/profile/ HTTP/1.1" 200 825
"GET /api/listings/?featured=true&page=1 HTTP/1.1" 200 52
"GET /api/auth/profile/ HTTP/1.1" 200 825
"GET /api/auth/profile/ HTTP/1.1" 200 825
"GET /api/auth/profile/ HTTP/1.1" 200 825
"GET /api/listings/?featured=true&page=1 HTTP/1.1" 200 52
"GET /api/auth/profile/ HTTP/1.1" 200 825
"GET /api/listings/?featured=true&page=1 HTTP/1.1" 200 52
"GET /api/auth/profile/ HTTP/1.1" 200 825
"GET /api/auth/profile/ HTTP/1.1" 200 825
"GET /api/listings/?page=1&ordering=-created_at HTTP/1.1" 200 52
"GET /api/listings/?page=1&ordering=-created_at HTTP/1.1" 200 52
"GET /api/listings/?page=1&ordering=-created_at HTTP/1.1" 200 52
"GET /api/bounties/?status=open HTTP/1.1" 200 52
"GET /api/bounties/?status=open HTTP/1.1" 200 52
"GET /api/bounties/?status=open HTTP/1.1" 200 52
"GET /api/auth/profile/ HTTP/1.1" 200 825
"GET /api/auth/stats/ HTTP/1.1" 200 167
"GET /api/transactions/ HTTP/1.1" 200 52
"GET /api/listings/?limit=6 HTTP/1.1" 200 52
"GET /api/auth/stats/ HTTP/1.1" 200 167
"GET /api/transactions/ HTTP/1.1" 200 52
"GET /api/listings/?limit=6 HTTP/1.1" 200 52
"GET /api/auth/profile/ HTTP/1.1" 200 825
"GET /api/transactions/ HTTP/1.1" 200 52
"GET /api/auth/stats/ HTTP/1.1" 200 167
"GET /api/listings/?limit=6 HTTP/1.1" 200 52
"GET /api/auth/profile/ HTTP/1.1" 200 825
"GET /api/transactions/ HTTP/1.1" 200 52
"GET /api/listings/?limit=6 HTTP/1.1" 200 52
"GET /api/auth/stats/ HTTP/1.1" 200 167
"GET /api/auth/profile/ HTTP/1.1" 200 825
"GET /api/auth/profile/ HTTP/1.1" 200 825
"GET /api/listings/?featured=true&page=1 HTTP/1.1" 200 52
"GET /api/listings/?featured=true&page=1 HTTP/1.1" 200 52
"GET /api/listings/?featured=true&page=1 HTTP/1.1" 200 52
"GET /api/listings/?featured=true&page=1 HTTP/1.1" 200 52
"GET /api/listings/?featured=true&page=1 HTTP/1.1" 200 52
"OPTIONS /api/listings/?page=1&ordering=-created_at HTTP/1.1" 200 0
"OPTIONS /api/listings/?page=1&ordering=-created_at HTTP/1.1" 200 0
"GET /api/listings/?page=1&ordering=-created_at HTTP/1.1" 200 52
"GET /api/listings/?page=1&ordering=-created_at HTTP/1.1" 200 52
"GET /api/listings/?page=1&ordering=-created_at HTTP/1.1" 200 52
"GET /api/listings/?featured=true&page=1 HTTP/1.1" 200 52
"GET /api/listings/?featured=true&page=1 HTTP/1.1" 200 52
"GET /api/listings/?page=1&ordering=-created_at HTTP/1.1" 200 52
"GET /api/listings/?page=1&ordering=-created_at HTTP/1.1" 200 52
"GET /api/listings/?page=1&ordering=-created_at HTTP/1.1" 200 52
"OPTIONS /api/bounties/?status=open HTTP/1.1" 200 0
"OPTIONS /api/bounties/?status=open HTTP/1.1" 200 0
"GET /api/bounties/?status=open HTTP/1.1" 200 52
"GET /api/bounties/?status=open HTTP/1.1" 200 52
"OPTIONS /api/auth/logout/ HTTP/1.1" 200 0
"POST /api/auth/logout/ HTTP/1.1" 200 37
"GET /api/listings/?featured=true&page=1 HTTP/1.1" 200 52
"GET /api/listings/?featured=true&page=1 HTTP/1.1" 200 52
"OPTIONS /api/auth/login/ HTTP/1.1" 200 0
Bad Request: /api/auth/login/
"POST /api/auth/login/ HTTP/1.1" 400 44
Bad Request: /api/auth/login/
"POST /api/auth/login/ HTTP/1.1" 400 44
"POST /api/auth/login/ HTTP/1.1" 200 1327
"OPTIONS /api/auth/stats/ HTTP/1.1" 200 0
"OPTIONS /api/transactions/ HTTP/1.1" 200 0
"OPTIONS /api/auth/stats/ HTTP/1.1" 200 0
"OPTIONS /api/transactions/ HTTP/1.1" 200 0
"GET /api/transactions/ HTTP/1.1" 200 52
"GET /api/listings/?limit=6 HTTP/1.1" 200 52
"GET /api/auth/stats/ HTTP/1.1" 200 167
"GET /api/transactions/ HTTP/1.1" 200 52
"GET /api/listings/?limit=6 HTTP/1.1" 200 52
"GET /api/auth/stats/ HTTP/1.1" 200 167
C:\Users\HomePC\Desktop\FREELANCING_AIMPROJECT\backend\aim_marketplace\settings.py changed, reloading.
INFO 2026-04-04 08:48:50,419 autoreload Watching for file changes with StatReloader
WARNING 2026-04-04 08:49:32,294 log Unauthorized: /api/auth/profile/
WARNING 2026-04-04 08:49:32,296 log "GET /api/auth/profile/ HTTP/1.1" 401 58
WARNING 2026-04-04 08:49:46,229 log Not Found: /
WARNING 2026-04-04 08:49:46,231 log "GET / HTTP/1.1" 404 3722
INFO 2026-04-04 08:49:51,820 log "POST /api/auth/generate-username/ HTTP/1.1" 200 31
INFO 2026-04-04 08:50:53,418 log "OPTIONS /api/auth/register/ HTTP/1.1" 200 0
INFO 2026-04-04 08:50:57,528 log "POST /api/auth/register/ HTTP/1.1" 201 1347
INFO 2026-04-04 08:50:59,665 log "GET /api/listings/?page=1&ordering=-created_at HTTP/1.1" 200 52
INFO 2026-04-04 08:50:59,696 log "GET /api/listings/?page=1&ordering=-created_at HTTP/1.1" 200 52
INFO 2026-04-04 08:51:00,013 log "GET /api/listings/?page=1&ordering=-created_at HTTP/1.1" 200 52
INFO 2026-04-04 08:53:36,300 log "POST /api/auth/logout/ HTTP/1.1" 200 37
WARNING 2026-04-04 08:57:52,273 log Unauthorized: /api/auth/profile/
WARNING 2026-04-04 08:57:52,276 log "GET /api/auth/profile/ HTTP/1.1" 401 58
INFO 2026-04-04 08:58:49,934 log "POST /api/auth/register/ HTTP/1.1" 201 1338
INFO 2026-04-04 08:58:50,379 log "GET /api/listings/?page=1&ordering=-created_at HTTP/1.1" 200 52
INFO 2026-04-04 08:58:50,417 log "GET /api/listings/?page=1&ordering=-created_at HTTP/1.1" 200 52
INFO 2026-04-04 08:58:50,758 log "GET /api/listings/?page=1&ordering=-created_at HTTP/1.1" 200 52
WARNING 2026-04-04 08:59:16,509 log Bad Request: /api/auth/register/
WARNING 2026-04-04 08:59:16,510 log "POST /api/auth/register/ HTTP/1.1" 400 56
INFO 2026-04-04 08:59:33,214 log "POST /api/auth/register/ HTTP/1.1" 201 1339
INFO 2026-04-04 08:59:47,405 log "OPTIONS /api/listings/my/ HTTP/1.1" 200 0
INFO 2026-04-04 08:59:47,451 log "GET /api/listings/my/ HTTP/1.1" 200 52
INFO 2026-04-04 08:59:47,453 log "GET /api/transactions/ HTTP/1.1" 200 52
INFO 2026-04-04 08:59:47,466 log "GET /api/auth/stats/ HTTP/1.1" 200 167
INFO 2026-04-04 08:59:47,487 log "GET /api/listings/my/ HTTP/1.1" 200 52
INFO 2026-04-04 08:59:47,492 log "GET /api/transactions/ HTTP/1.1" 200 52
INFO 2026-04-04 08:59:47,509 log "GET /api/auth/stats/ HTTP/1.1" 200 167
INFO 2026-04-04 09:03:59,348 autoreload C:\Users\HomePC\Desktop\FREELANCING_AIMPROJECT\backend\listings\models.py changed, reloading.
INFO 2026-04-04 09:04:02,412 autoreload Watching for file changes with StatReloader
INFO 2026-04-04 09:04:27,261 autoreload C:\Users\HomePC\Desktop\FREELANCING_AIMPROJECT\backend\listings\serializers.py changed, reloading.
INFO 2026-04-04 09:04:30,019 autoreload Watching for file changes with StatReloader
INFO 2026-04-04 09:04:48,090 autoreload C:\Users\HomePC\Desktop\FREELANCING_AIMPROJECT\backend\listings\serializers.py changed, reloading.
INFO 2026-04-04 09:04:51,812 autoreload Watching for file changes with StatReloader
INFO 2026-04-04 09:05:26,067 autoreload C:\Users\HomePC\Desktop\FREELANCING_AIMPROJECT\backend\listings\views.py changed, reloading.
INFO 2026-04-04 09:05:28,669 autoreload Watching for file changes with StatReloader
INFO 2026-04-04 09:05:53,879 autoreload C:\Users\HomePC\Desktop\FREELANCING_AIMPROJECT\backend\listings\urls.py changed, reloading.
INFO 2026-04-04 09:05:56,877 autoreload Watching for file changes with StatReloader
INFO 2026-04-04 09:20:14,922 log "OPTIONS /api/auth/profile/ HTTP/1.1" 200 0
INFO 2026-04-04 09:20:14,992 log "GET /api/auth/profile/ HTTP/1.1" 200 813
INFO 2026-04-04 09:23:02,318 log "GET /api/auth/profile/ HTTP/1.1" 200 813
INFO 2026-04-04 09:26:58,473 log "GET /api/auth/profile/ HTTP/1.1" 200 813
INFO 2026-04-04 09:27:18,735 log "GET /api/auth/profile/ HTTP/1.1" 200 813
INFO 2026-04-04 09:27:36,383 log "GET /api/auth/profile/ HTTP/1.1" 200 813
INFO 2026-04-04 09:27:49,677 log "GET /api/auth/profile/ HTTP/1.1" 200 813
INFO 2026-04-04 09:28:18,994 log "GET /api/auth/profile/ HTTP/1.1" 200 813
INFO 2026-04-04 09:28:28,645 log "GET /api/auth/profile/ HTTP/1.1" 200 813
INFO 2026-04-04 09:28:33,427 log "GET /api/auth/profile/ HTTP/1.1" 200 813
INFO 2026-04-04 09:28:49,665 log "GET /api/auth/profile/ HTTP/1.1" 200 813
INFO 2026-04-04 09:28:58,027 log "GET /api/auth/profile/ HTTP/1.1" 200 813
INFO 2026-04-04 09:28:59,360 log "GET /api/transactions/ HTTP/1.1" 200 52
INFO 2026-04-04 09:28:59,362 log "GET /api/auth/stats/ HTTP/1.1" 200 167
INFO 2026-04-04 09:28:59,415 log "GET /api/listings/my/ HTTP/1.1" 200 52
INFO 2026-04-04 09:28:59,467 log "GET /api/listings/my/ HTTP/1.1" 200 52
INFO 2026-04-04 09:28:59,483 log "GET /api/transactions/ HTTP/1.1" 200 52
INFO 2026-04-04 09:28:59,501 log "GET /api/auth/stats/ HTTP/1.1" 200 167
INFO 2026-04-04 09:36:51,524 log "GET /api/bounties/?status=open HTTP/1.1" 200 52
INFO 2026-04-04 09:36:51,546 log "GET /api/bounties/?status=open HTTP/1.1" 200 52
INFO 2026-04-04 09:36:54,070 log "GET /api/listings/?page=1&ordering=-created_at HTTP/1.1" 200 52
INFO 2026-04-04 09:36:54,089 log "GET /api/listings/?page=1&ordering=-created_at HTTP/1.1" 200 52
INFO 2026-04-04 09:36:54,513 log "GET /api/listings/?page=1&ordering=-created_at HTTP/1.1" 200 52
INFO 2026-04-04 10:24:09,218 autoreload Watching for file changes with StatReloader
WARNING 2026-04-04 10:24:45,933 log Unauthorized: /api/auth/profile/
WARNING 2026-04-04 10:24:45,934 log "GET /api/auth/profile/ HTTP/1.1" 401 58
INFO 2026-04-04 10:26:12,251 log "POST /api/auth/register/ HTTP/1.1" 201 1374
INFO 2026-04-04 10:26:13,221 log "OPTIONS /api/listings/?page=1&ordering=-created_at HTTP/1.1" 200 0
INFO 2026-04-04 10:26:13,300 log "GET /api/listings/?page=1&ordering=-created_at HTTP/1.1" 200 52
INFO 2026-04-04 10:26:13,330 log "GET /api/listings/?page=1&ordering=-created_at HTTP/1.1" 200 52
INFO 2026-04-04 10:26:13,908 log "GET /api/listings/?page=1&ordering=-created_at HTTP/1.1" 200 52
INFO 2026-04-04 10:26:42,602 log "OPTIONS /api/auth/logout/ HTTP/1.1" 200 0
INFO 2026-04-04 10:26:42,835 log "POST /api/auth/logout/ HTTP/1.1" 200 37
WARNING 2026-04-04 10:26:57,197 log Unauthorized: /api/auth/profile/
WARNING 2026-04-04 10:26:57,199 log "GET /api/auth/profile/ HTTP/1.1" 401 58
INFO 2026-04-04 10:27:18,074 log "OPTIONS /api/auth/login/ HTTP/1.1" 200 0
INFO 2026-04-04 10:27:21,584 log "POST /api/auth/login/ HTTP/1.1" 200 1353
INFO 2026-04-04 10:27:26,801 log "OPTIONS /api/auth/stats/ HTTP/1.1" 200 0
INFO 2026-04-04 10:27:26,869 log "GET /api/auth/stats/ HTTP/1.1" 200 167
INFO 2026-04-04 10:27:26,895 log "OPTIONS /api/transactions/ HTTP/1.1" 200 0
INFO 2026-04-04 10:27:26,966 log "GET /api/auth/stats/ HTTP/1.1" 200 167
INFO 2026-04-04 10:27:26,975 log "GET /api/transactions/ HTTP/1.1" 200 52
INFO 2026-04-04 10:27:27,019 log "GET /api/transactions/ HTTP/1.1" 200 52
INFO 2026-04-04 10:27:43,589 log "POST /api/auth/logout/ HTTP/1.1" 200 37
INFO 2026-04-04 10:27:52,218 log "GET /admin HTTP/1.1" 301 0
INFO 2026-04-04 10:27:52,615 log "GET /admin/ HTTP/1.1" 302 0
INFO 2026-04-04 10:27:53,379 log "GET /admin/login/?next=/admin/ HTTP/1.1" 200 4079
INFO 2026-04-04 10:27:54,415 log "GET /static/admin/js/theme.js HTTP/1.1" 200 1653
INFO 2026-04-04 10:27:54,448 log "GET /static/admin/css/dark_mode.css HTTP/1.1" 200 3538
INFO 2026-04-04 10:27:54,638 log "GET /static/admin/css/responsive.css HTTP/1.1" 200 16273
INFO 2026-04-04 10:27:55,133 log "GET /static/admin/css/nav_sidebar.css HTTP/1.1" 200 2810
INFO 2026-04-04 10:27:55,168 log "GET /static/admin/css/login.css HTTP/1.1" 200 951
INFO 2026-04-04 10:27:55,173 log "GET /static/admin/css/base.css HTTP/1.1" 200 23100
INFO 2026-04-04 10:27:55,201 log "GET /static/admin/js/nav_sidebar.js HTTP/1.1" 200 3063
WARNING 2026-04-04 10:27:55,465 log Not Found: /favicon.ico
WARNING 2026-04-04 10:27:55,469 log "GET /favicon.ico HTTP/1.1" 404 3773
WARNING 2026-04-04 10:31:09,634 log Unauthorized: /api/auth/profile/
WARNING 2026-04-04 10:31:09,652 log "GET /api/auth/profile/ HTTP/1.1" 401 58
INFO 2026-04-04 10:31:14,723 log "POST /api/auth/login/ HTTP/1.1" 200 1353
INFO 2026-04-04 10:31:15,563 log "GET /api/transactions/ HTTP/1.1" 200 52
INFO 2026-04-04 10:31:15,583 log "GET /api/auth/stats/ HTTP/1.1" 200 167
INFO 2026-04-04 10:31:15,599 log "GET /api/transactions/ HTTP/1.1" 200 52
INFO 2026-04-04 10:31:15,655 log "GET /api/auth/stats/ HTTP/1.1" 200 167
INFO 2026-04-04 10:31:39,642 log "GET /api/listings/?page=1&ordering=-created_at HTTP/1.1" 200 52
INFO 2026-04-04 10:31:39,665 log "GET /api/listings/?page=1&ordering=-created_at HTTP/1.1" 200 52
INFO 2026-04-04 10:31:40,051 log "GET /api/listings/?page=1&ordering=-created_at HTTP/1.1" 200 52
INFO 2026-04-04 10:31:50,286 log "OPTIONS /api/bounties/?status=open HTTP/1.1" 200 0
INFO 2026-04-04 10:31:50,290 log "OPTIONS /api/bounties/?status=open HTTP/1.1" 200 0
INFO 2026-04-04 10:31:50,323 log "GET /api/bounties/?status=open HTTP/1.1" 200 52
INFO 2026-04-04 10:31:50,359 log "GET /api/bounties/?status=open HTTP/1.1" 200 52
INFO 2026-04-04 10:31:56,527 log "OPTIONS /api/listings/?featured=true&page=1 HTTP/1.1" 200 0
INFO 2026-04-04 10:31:56,528 log "OPTIONS /api/listings/?featured=true&page=1 HTTP/1.1" 200 0
INFO 2026-04-04 10:31:56,558 log "GET /api/listings/?featured=true&page=1 HTTP/1.1" 200 52
INFO 2026-04-04 10:31:56,584 log "GET /api/listings/?featured=true&page=1 HTTP/1.1" 200 52
INFO 2026-04-04 10:31:56,822 log "GET /api/listings/?page=1&ordering=-created_at HTTP/1.1" 200 52
INFO 2026-04-04 10:31:56,845 log "GET /api/listings/?page=1&ordering=-created_at HTTP/1.1" 200 52
INFO 2026-04-04 10:31:57,216 log "GET /api/listings/?page=1&ordering=-created_at HTTP/1.1" 200 52
INFO 2026-04-04 10:32:07,751 log "GET /api/bounties/?status=open HTTP/1.1" 200 52
INFO 2026-04-04 10:32:07,764 log "GET /api/bounties/?status=open HTTP/1.1" 200 52
INFO 2026-04-04 10:32:08,861 log "GET /api/listings/?page=1&ordering=-created_at HTTP/1.1" 200 52
INFO 2026-04-04 10:32:08,897 log "GET /api/listings/?page=1&ordering=-created_at HTTP/1.1" 200 52
INFO 2026-04-04 10:32:09,205 log "GET /api/listings/?page=1&ordering=-created_at HTTP/1.1" 200 52
INFO 2026-04-04 10:32:09,880 log "GET /api/transactions/ HTTP/1.1" 200 52
INFO 2026-04-04 10:32:09,894 log "GET /api/auth/stats/ HTTP/1.1" 200 167
INFO 2026-04-04 10:32:09,909 log "GET /api/transactions/ HTTP/1.1" 200 52
INFO 2026-04-04 10:32:09,934 log "GET /api/auth/stats/ HTTP/1.1" 200 167
INFO 2026-04-04 14:09:43,117 log "OPTIONS /api/chat/rooms/ HTTP/1.1" 200 0
INFO 2026-04-04 14:09:43,120 log "OPTIONS /api/chat/rooms/ HTTP/1.1" 200 0
WARNING 2026-04-04 14:09:43,158 log Unauthorized: /api/chat/rooms/
WARNING 2026-04-04 14:09:43,163 log "GET /api/chat/rooms/ HTTP/1.1" 401 172
WARNING 2026-04-04 14:09:43,174 log Unauthorized: /api/chat/rooms/
WARNING 2026-04-04 14:09:43,178 log "GET /api/chat/rooms/ HTTP/1.1" 401 172
INFO 2026-04-04 14:09:43,184 log "OPTIONS /api/auth/token/refresh/ HTTP/1.1" 200 0
INFO 2026-04-04 14:09:43,476 log "POST /api/auth/token/refresh/ HTTP/1.1" 200 486
INFO 2026-04-04 14:09:43,504 log "POST /api/auth/token/refresh/ HTTP/1.1" 200 486
INFO 2026-04-04 14:09:43,537 log "GET /api/chat/rooms/ HTTP/1.1" 200 52
INFO 2026-04-04 14:09:43,572 log "GET /api/chat/rooms/ HTTP/1.1" 200 52
INFO 2026-04-04 14:09:50,389 log "OPTIONS /api/auth/stats/ HTTP/1.1" 200 0
INFO 2026-04-04 14:09:50,390 log "OPTIONS /api/transactions/ HTTP/1.1" 200 0
INFO 2026-04-04 14:09:50,407 log "OPTIONS /api/transactions/ HTTP/1.1" 200 0
INFO 2026-04-04 14:09:50,417 log "OPTIONS /api/auth/stats/ HTTP/1.1" 200 0
INFO 2026-04-04 14:09:50,467 log "GET /api/transactions/ HTTP/1.1" 200 52
INFO 2026-04-04 14:09:50,480 log "GET /api/auth/stats/ HTTP/1.1" 200 167
INFO 2026-04-04 14:09:50,518 log "GET /api/transactions/ HTTP/1.1" 200 52
INFO 2026-04-04 14:09:50,544 log "GET /api/auth/stats/ HTTP/1.1" 200 167
INFO 2026-04-04 14:10:00,549 log "GET /api/transactions/ HTTP/1.1" 200 52
INFO 2026-04-04 14:10:00,581 log "GET /api/auth/stats/ HTTP/1.1" 200 167
INFO 2026-04-04 14:10:00,598 log "GET /api/transactions/ HTTP/1.1" 200 52
INFO 2026-04-04 14:10:00,632 log "GET /api/auth/stats/ HTTP/1.1" 200 167
INFO 2026-04-04 14:22:28,135 log "GET /api/chat/rooms/ HTTP/1.1" 200 52
INFO 2026-04-04 14:22:28,193 log "GET /api/chat/rooms/ HTTP/1.1" 200 52
INFO 2026-04-04 14:22:36,251 log "OPTIONS /api/auth/profile/ HTTP/1.1" 200 0
INFO 2026-04-04 14:22:36,641 log "GET /api/auth/profile/ HTTP/1.1" 200 848
INFO 2026-04-04 14:22:39,927 log "GET /api/transactions/ HTTP/1.1" 200 52
INFO 2026-04-04 14:22:39,991 log "GET /api/auth/stats/ HTTP/1.1" 200 167
INFO 2026-04-04 14:22:40,008 log "GET /api/transactions/ HTTP/1.1" 200 52
INFO 2026-04-04 14:22:40,060 log "GET /api/auth/stats/ HTTP/1.1" 200 167
INFO 2026-04-04 14:23:05,624 log "OPTIONS /api/listings/?page=1&ordering=-created_at HTTP/1.1" 200 0
INFO 2026-04-04 14:23:05,626 log "OPTIONS /api/listings/?page=1&ordering=-created_at HTTP/1.1" 200 0
INFO 2026-04-04 14:23:05,838 log "GET /api/listings/?page=1&ordering=-created_at HTTP/1.1" 200 52
INFO 2026-04-04 14:23:05,902 log "GET /api/listings/?page=1&ordering=-created_at HTTP/1.1" 200 52
INFO 2026-04-04 14:23:06,091 log "GET /api/listings/?page=1&ordering=-created_at HTTP/1.1" 200 52
INFO 2026-04-04 14:23:09,576 log "GET /api/transactions/ HTTP/1.1" 200 52
INFO 2026-04-04 14:23:09,589 log "GET /api/auth/stats/ HTTP/1.1" 200 167
INFO 2026-04-04 14:23:09,678 log "GET /api/transactions/ HTTP/1.1" 200 52
INFO 2026-04-04 14:23:09,706 log "GET /api/auth/stats/ HTTP/1.1" 200 167
INFO 2026-04-04 14:23:12,133 log "GET /api/listings/?page=1&ordering=-created_at HTTP/1.1" 200 52
INFO 2026-04-04 14:23:12,170 log "GET /api/listings/?page=1&ordering=-created_at HTTP/1.1" 200 52
INFO 2026-04-04 14:23:12,404 log "GET /api/listings/?page=1&ordering=-created_at HTTP/1.1" 200 52
INFO 2026-04-04 14:24:05,823 log "GET /api/auth/profile/ HTTP/1.1" 200 848
INFO 2026-04-04 14:24:07,651 log "GET /api/auth/stats/ HTTP/1.1" 200 167
INFO 2026-04-04 14:24:07,658 log "GET /api/transactions/ HTTP/1.1" 200 52
INFO 2026-04-04 14:24:07,713 log "GET /api/transactions/ HTTP/1.1" 200 52
INFO 2026-04-04 14:24:07,717 log "GET /api/auth/stats/ HTTP/1.1" 200 167
INFO 2026-04-04 14:24:25,799 log "GET /api/auth/profile/ HTTP/1.1" 200 848
INFO 2026-04-04 14:24:26,651 log "GET /api/chat/rooms/ HTTP/1.1" 200 52
INFO 2026-04-04 14:25:46,238 log "GET /api/auth/profile/ HTTP/1.1" 200 848
INFO 2026-04-04 14:25:49,129 log "GET /api/transactions/ HTTP/1.1" 200 52
INFO 2026-04-04 14:25:49,137 log "GET /api/auth/stats/ HTTP/1.1" 200 167
INFO 2026-04-04 14:25:49,169 log "GET /api/transactions/ HTTP/1.1" 200 52
INFO 2026-04-04 14:25:49,193 log "GET /api/auth/stats/ HTTP/1.1" 200 167
INFO 2026-04-04 14:28:34,680 autoreload C:\Users\HomePC\Desktop\FREELANCING_AIMPROJECT\backend\chat\views.py changed, reloading.
INFO 2026-04-04 14:28:47,260 autoreload Watching for file changes with StatReloader
INFO 2026-04-04 14:44:51,953 autoreload Watching for file changes with StatReloader
INFO 2026-04-04 14:45:44,880 log "POST /api/auth/login/ HTTP/1.1" 200 1353
INFO 2026-04-04 14:45:45,402 basehttp - Broken pipe from ('127.0.0.1', 49771)
INFO 2026-04-04 14:53:52,597 log "OPTIONS /api/auth/login/ HTTP/1.1" 200 0
WARNING 2026-04-04 14:53:54,889 log Bad Request: /api/auth/login/
WARNING 2026-04-04 14:53:54,890 log "POST /api/auth/login/ HTTP/1.1" 400 44
WARNING 2026-04-04 14:54:05,105 log Bad Request: /api/auth/login/
WARNING 2026-04-04 14:54:05,106 log "POST /api/auth/login/ HTTP/1.1" 400 44
INFO 2026-04-04 14:54:10,789 log "POST /api/auth/login/ HTTP/1.1" 200 1353
INFO 2026-04-04 14:54:11,145 log "GET /api/transactions/ HTTP/1.1" 200 52
INFO 2026-04-04 14:54:11,166 log "GET /api/transactions/ HTTP/1.1" 200 52
INFO 2026-04-04 14:54:11,178 log "GET /api/auth/stats/ HTTP/1.1" 200 167
INFO 2026-04-04 14:54:11,210 log "GET /api/auth/stats/ HTTP/1.1" 200 167
INFO 2026-04-04 14:54:16,357 log "GET /api/chat/rooms/ HTTP/1.1" 200 52
INFO 2026-04-04 14:54:16,379 log "GET /api/chat/rooms/ HTTP/1.1" 200 52
INFO 2026-04-04 14:54:28,440 log "OPTIONS /api/chat/rooms/support/ HTTP/1.1" 200 0
ERROR 2026-04-04 14:54:28,538 log Service Unavailable: /api/chat/rooms/support/
ERROR 2026-04-04 14:54:28,540 log "POST /api/chat/rooms/support/ HTTP/1.1" 503 39
INFO 2026-04-04 14:54:33,588 log "GET /api/transactions/ HTTP/1.1" 200 52
INFO 2026-04-04 14:54:33,604 log "GET /api/transactions/ HTTP/1.1" 200 52
INFO 2026-04-04 14:54:33,605 log "GET /api/auth/stats/ HTTP/1.1" 200 167
INFO 2026-04-04 14:54:33,628 log "GET /api/auth/stats/ HTTP/1.1" 200 167
INFO 2026-04-04 14:55:32,458 log "OPTIONS /api/listings/?featured=true&page=1 HTTP/1.1" 200 0
INFO 2026-04-04 14:55:32,494 log "GET /api/auth/profile/ HTTP/1.1" 200 848
INFO 2026-04-04 14:55:32,495 log "GET /api/listings/?featured=true&page=1 HTTP/1.1" 200 52
INFO 2026-04-04 14:55:34,349 log "GET /api/listings/?page=1&ordering=-created_at HTTP/1.1" 200 52
INFO 2026-04-04 14:55:34,372 log "GET /api/listings/?page=1&ordering=-created_at HTTP/1.1" 200 52
INFO 2026-04-04 14:55:34,757 log "GET /api/listings/?page=1&ordering=-created_at HTTP/1.1" 200 52
INFO 2026-04-04 14:56:01,241 log "OPTIONS /api/auth/logout/ HTTP/1.1" 200 0
INFO 2026-04-04 14:56:01,393 log "POST /api/auth/logout/ HTTP/1.1" 200 37
INFO 2026-04-04 14:56:02,125 log "GET /api/listings/?featured=true&page=1 HTTP/1.1" 200 52
INFO 2026-04-04 14:56:02,147 log "GET /api/listings/?featured=true&page=1 HTTP/1.1" 200 52
WARNING 2026-04-04 14:56:08,891 log Unauthorized: /api/auth/profile/
WARNING 2026-04-04 14:56:08,893 log "GET /api/auth/profile/ HTTP/1.1" 401 58
INFO 2026-04-04 14:56:57,688 log "POST /api/auth/login/ HTTP/1.1" 200 1353
INFO 2026-04-04 14:56:58,570 log "GET /api/transactions/ HTTP/1.1" 200 52
INFO 2026-04-04 14:56:58,640 log "GET /api/auth/stats/ HTTP/1.1" 200 167
INFO 2026-04-04 14:56:58,675 log "GET /api/transactions/ HTTP/1.1" 200 52
INFO 2026-04-04 14:56:58,922 log "GET /api/auth/stats/ HTTP/1.1" 200 167
INFO 2026-04-04 14:58:39,000 log "GET /api/transactions/ HTTP/1.1" 200 52
INFO 2026-04-04 14:58:39,041 log "GET /api/auth/stats/ HTTP/1.1" 200 167
INFO 2026-04-04 14:58:39,220 log "GET /api/auth/stats/ HTTP/1.1" 200 167
INFO 2026-04-04 14:58:39,256 log "GET /api/transactions/ HTTP/1.1" 200 52
INFO 2026-04-04 15:00:26,654 log "GET /api/listings/?page=1&ordering=-created_at HTTP/1.1" 200 52
INFO 2026-04-04 15:00:26,682 log "GET /api/listings/?page=1&ordering=-created_at HTTP/1.1" 200 52
INFO 2026-04-04 15:00:27,052 log "GET /api/listings/?page=1&ordering=-created_at HTTP/1.1" 200 52
INFO 2026-04-04 15:00:28,964 log "OPTIONS /api/bounties/?status=open HTTP/1.1" 200 0
INFO 2026-04-04 15:00:28,967 log "OPTIONS /api/bounties/?status=open HTTP/1.1" 200 0
INFO 2026-04-04 15:00:28,991 log "GET /api/bounties/?status=open HTTP/1.1" 200 52
INFO 2026-04-04 15:00:29,023 log "GET /api/bounties/?status=open HTTP/1.1" 200 52
INFO 2026-04-04 15:00:41,275 log "GET /api/listings/?page=1&ordering=-created_at HTTP/1.1" 200 52
INFO 2026-04-04 15:00:41,302 log "GET /api/listings/?page=1&ordering=-created_at HTTP/1.1" 200 52
INFO 2026-04-04 15:00:41,682 log "GET /api/listings/?page=1&ordering=-created_at HTTP/1.1" 200 52
INFO 2026-04-04 15:00:43,397 log "GET /api/transactions/ HTTP/1.1" 200 52
INFO 2026-04-04 15:00:43,412 log "GET /api/auth/stats/ HTTP/1.1" 200 167
INFO 2026-04-04 15:00:43,431 log "GET /api/transactions/ HTTP/1.1" 200 52
INFO 2026-04-04 15:00:43,477 log "GET /api/auth/stats/ HTTP/1.1" 200 167
INFO 2026-04-04 15:00:50,594 log "GET /api/chat/rooms/ HTTP/1.1" 200 52
INFO 2026-04-04 15:00:50,610 log "GET /api/chat/rooms/ HTTP/1.1" 200 52
INFO 2026-04-04 15:01:18,813 log "POST /api/auth/logout/ HTTP/1.1" 200 37
INFO 2026-04-04 15:01:21,850 log "GET /api/listings/?featured=true&page=1 HTTP/1.1" 200 52
INFO 2026-04-04 15:01:21,865 log "GET /api/listings/?featured=true&page=1 HTTP/1.1" 200 52
INFO 2026-04-04 15:01:40,785 log "GET /api/listings/?page=1&ordering=-created_at HTTP/1.1" 200 52
INFO 2026-04-04 15:01:40,817 log "GET /api/listings/?page=1&ordering=-created_at HTTP/1.1" 200 52
INFO 2026-04-04 15:01:41,178 log "GET /api/listings/?page=1&ordering=-created_at HTTP/1.1" 200 52
INFO 2026-04-04 15:01:51,262 log "GET /api/bounties/?status=open HTTP/1.1" 200 52
INFO 2026-04-04 15:01:51,286 log "GET /api/bounties/?status=open HTTP/1.1" 200 52
INFO 2026-04-04 15:02:31,275 log "GET /api/listings/?featured=true&page=1 HTTP/1.1" 200 52
INFO 2026-04-04 15:02:31,294 log "GET /api/listings/?featured=true&page=1 HTTP/1.1" 200 52
WARNING 2026-04-04 15:07:14,622 log Unauthorized: /api/auth/profile/
WARNING 2026-04-04 15:07:14,624 log "GET /api/auth/profile/ HTTP/1.1" 401 58
WARNING 2026-04-04 15:07:14,675 log Unauthorized: /api/auth/profile/
WARNING 2026-04-04 15:07:14,679 log "GET /api/auth/profile/ HTTP/1.1" 401 58
INFO 2026-04-04 15:07:14,685 log "GET /api/listings/?featured=true&page=1 HTTP/1.1" 200 52
WARNING 2026-04-04 15:07:15,101 log Unauthorized: /api/auth/profile/
WARNING 2026-04-04 15:07:15,102 log "GET /api/auth/profile/ HTTP/1.1" 401 58
WARNING 2026-04-04 15:08:30,600 log Unauthorized: /api/auth/profile/
WARNING 2026-04-04 15:08:30,601 log "GET /api/auth/profile/ HTTP/1.1" 401 58
WARNING 2026-04-04 15:09:04,105 log Bad Request: /api/auth/login/
WARNING 2026-04-04 15:09:04,106 log "POST /api/auth/login/ HTTP/1.1" 400 44
WARNING 2026-04-04 15:09:49,704 log Bad Request: /api/auth/login/
WARNING 2026-04-04 15:09:49,706 log "POST /api/auth/login/ HTTP/1.1" 400 44
INFO 2026-04-04 15:10:53,170 log "POST /api/auth/login/ HTTP/1.1" 200 857
INFO 2026-04-04 15:10:53,520 log "POST /api/auth/logout/ HTTP/1.1" 200 37
WARNING 2026-04-04 15:11:19,674 log Unauthorized: /api/auth/profile/
WARNING 2026-04-04 15:11:19,679 log "GET /api/auth/profile/ HTTP/1.1" 401 58
INFO 2026-04-04 15:11:37,533 log "POST /api/auth/login/ HTTP/1.1" 200 857
INFO 2026-04-04 15:11:38,282 log "OPTIONS /api/transactions/disputes/ HTTP/1.1" 200 0
INFO 2026-04-04 15:11:38,283 log "OPTIONS /api/listings/?page=1&page_size=50 HTTP/1.1" 200 0
INFO 2026-04-04 15:11:38,310 log "OPTIONS /api/v1/verification/demos/ HTTP/1.1" 200 0
INFO 2026-04-04 15:11:38,409 log "OPTIONS /api/v1/verification/demos/ HTTP/1.1" 200 0
INFO 2026-04-04 15:11:38,485 log "GET /api/transactions/disputes/ HTTP/1.1" 200 52
INFO 2026-04-04 15:11:38,504 log "GET /api/transactions/ HTTP/1.1" 200 52
INFO 2026-04-04 15:11:38,509 log "GET /api/listings/?page=1&page_size=50 HTTP/1.1" 200 52
INFO 2026-04-04 15:11:38,583 log "GET /api/v1/verification/demos/ HTTP/1.1" 200 52
INFO 2026-04-04 15:11:38,623 log "GET /api/transactions/ HTTP/1.1" 200 52
INFO 2026-04-04 15:11:38,667 log "GET /api/transactions/disputes/ HTTP/1.1" 200 52
INFO 2026-04-04 15:11:38,756 log "GET /api/listings/?page=1&page_size=50 HTTP/1.1" 200 52
INFO 2026-04-04 15:11:38,758 log "GET /api/v1/verification/demos/ HTTP/1.1" 200 52
INFO 2026-04-04 15:12:12,659 log "GET /api/auth/profile/ HTTP/1.1" 200 352
INFO 2026-04-04 15:12:13,602 log "GET /api/v1/verification/demos/ HTTP/1.1" 200 52
INFO 2026-04-04 15:12:13,624 log "GET /api/transactions/disputes/ HTTP/1.1" 200 52
INFO 2026-04-04 15:12:13,660 log "GET /api/listings/?page=1&page_size=50 HTTP/1.1" 200 52
INFO 2026-04-04 15:12:13,684 log "GET /api/transactions/disputes/ HTTP/1.1" 200 52
INFO 2026-04-04 15:12:13,700 log "GET /api/transactions/ HTTP/1.1" 200 52
INFO 2026-04-04 15:12:13,701 log "GET /api/v1/verification/demos/ HTTP/1.1" 200 52
INFO 2026-04-04 15:12:13,790 log "GET /api/listings/?page=1&page_size=50 HTTP/1.1" 200 52
INFO 2026-04-04 15:12:13,790 log "GET /api/transactions/ HTTP/1.1" 200 52
INFO 2026-04-04 15:14:01,813 log "OPTIONS /api/listings/my/ HTTP/1.1" 200 0
INFO 2026-04-04 15:14:01,816 log "OPTIONS /api/listings/my/ HTTP/1.1" 200 0
INFO 2026-04-04 15:14:01,844 log "GET /api/transactions/ HTTP/1.1" 200 52
INFO 2026-04-04 15:14:01,850 log "GET /api/listings/my/ HTTP/1.1" 200 52
INFO 2026-04-04 15:14:01,890 log "GET /api/transactions/ HTTP/1.1" 200 52
INFO 2026-04-04 15:14:01,892 log "GET /api/listings/my/ HTTP/1.1" 200 52
ERROR 2026-04-04 15:14:02,072 log Internal Server Error: /api/auth/stats/
Traceback (most recent call last):
  File "C:\Users\HomePC\Desktop\FREELANCING_AIMPROJECT\backend\venv\Lib\site-packages\django\core\handlers\exception.py", line 55, in inner
    response = get_response(request)
               ^^^^^^^^^^^^^^^^^^^^^
  File "C:\Users\HomePC\Desktop\FREELANCING_AIMPROJECT\backend\venv\Lib\site-packages\django\core\handlers\base.py", line 198, in _get_response
    response = wrapped_callback(request, *callback_args, **callback_kwargs)
               ^^^^^^^^^^^^^^^^^^^^^^^^^^^^^^^^^^^^^^^^^^^^^^^^^^^^^^^^^^^^
  File "C:\Users\HomePC\Desktop\FREELANCING_AIMPROJECT\backend\venv\Lib\site-packages\django\views\decorators\csrf.py", line 65, in _view_wrapper
    return view_func(request, *args, **kwargs)
           ^^^^^^^^^^^^^^^^^^^^^^^^^^^^^^^^^^^
  File "C:\Users\HomePC\Desktop\FREELANCING_AIMPROJECT\backend\venv\Lib\site-packages\django\views\generic\base.py", line 106, in view
    return self.dispatch(request, *args, **kwargs)
           ^^^^^^^^^^^^^^^^^^^^^^^^^^^^^^^^^^^^^^^
  File "C:\Users\HomePC\Desktop\FREELANCING_AIMPROJECT\backend\venv\Lib\site-packages\rest_framework\views.py", line 515, in dispatch
    response = self.handle_exception(exc)
               ^^^^^^^^^^^^^^^^^^^^^^^^^^
  File "C:\Users\HomePC\Desktop\FREELANCING_AIMPROJECT\backend\venv\Lib\site-packages\rest_framework\views.py", line 475, in handle_exception
    self.raise_uncaught_exception(exc)
  File "C:\Users\HomePC\Desktop\FREELANCING_AIMPROJECT\backend\venv\Lib\site-packages\rest_framework\views.py", line 486, in raise_uncaught_exception
    raise exc
  File "C:\Users\HomePC\Desktop\FREELANCING_AIMPROJECT\backend\venv\Lib\site-packages\rest_framework\views.py", line 512, in dispatch
    response = handler(request, *args, **kwargs)
               ^^^^^^^^^^^^^^^^^^^^^^^^^^^^^^^^^
  File "C:\Users\HomePC\Desktop\FREELANCING_AIMPROJECT\backend\venv\Lib\site-packages\rest_framework\decorators.py", line 50, in handler
    return func(*args, **kwargs)
           ^^^^^^^^^^^^^^^^^^^^^
  File "C:\Users\HomePC\Desktop\FREELANCING_AIMPROJECT\backend\authentication\views.py", line 258, in user_stats
    'wallet_balance': float(user.wallet.balance),
                            ^^^^^^^^^^^
  File "C:\Users\HomePC\Desktop\FREELANCING_AIMPROJECT\backend\venv\Lib\site-packages\django\db\models\fields\related_descriptors.py", line 520, in __get__
    raise self.RelatedObjectDoesNotExist(
authentication.models.User.wallet.RelatedObjectDoesNotExist: User has no wallet.
ERROR 2026-04-04 15:14:02,085 log "GET /api/auth/stats/ HTTP/1.1" 500 22761
ERROR 2026-04-04 15:14:02,157 log Internal Server Error: /api/auth/stats/
Traceback (most recent call last):
  File "C:\Users\HomePC\Desktop\FREELANCING_AIMPROJECT\backend\venv\Lib\site-packages\django\core\handlers\exception.py", line 55, in inner
    response = get_response(request)
               ^^^^^^^^^^^^^^^^^^^^^
  File "C:\Users\HomePC\Desktop\FREELANCING_AIMPROJECT\backend\venv\Lib\site-packages\django\core\handlers\base.py", line 198, in _get_response
    response = wrapped_callback(request, *callback_args, **callback_kwargs)
               ^^^^^^^^^^^^^^^^^^^^^^^^^^^^^^^^^^^^^^^^^^^^^^^^^^^^^^^^^^^^
  File "C:\Users\HomePC\Desktop\FREELANCING_AIMPROJECT\backend\venv\Lib\site-packages\django\views\decorators\csrf.py", line 65, in _view_wrapper
    return view_func(request, *args, **kwargs)
           ^^^^^^^^^^^^^^^^^^^^^^^^^^^^^^^^^^^
  File "C:\Users\HomePC\Desktop\FREELANCING_AIMPROJECT\backend\venv\Lib\site-packages\django\views\generic\base.py", line 106, in view
    return self.dispatch(request, *args, **kwargs)
           ^^^^^^^^^^^^^^^^^^^^^^^^^^^^^^^^^^^^^^^
  File "C:\Users\HomePC\Desktop\FREELANCING_AIMPROJECT\backend\venv\Lib\site-packages\rest_framework\views.py", line 515, in dispatch
    response = self.handle_exception(exc)
               ^^^^^^^^^^^^^^^^^^^^^^^^^^
  File "C:\Users\HomePC\Desktop\FREELANCING_AIMPROJECT\backend\venv\Lib\site-packages\rest_framework\views.py", line 475, in handle_exception
    self.raise_uncaught_exception(exc)
  File "C:\Users\HomePC\Desktop\FREELANCING_AIMPROJECT\backend\venv\Lib\site-packages\rest_framework\views.py", line 486, in raise_uncaught_exception
    raise exc
  File "C:\Users\HomePC\Desktop\FREELANCING_AIMPROJECT\backend\venv\Lib\site-packages\rest_framework\views.py", line 512, in dispatch
    response = handler(request, *args, **kwargs)
               ^^^^^^^^^^^^^^^^^^^^^^^^^^^^^^^^^
  File "C:\Users\HomePC\Desktop\FREELANCING_AIMPROJECT\backend\venv\Lib\site-packages\rest_framework\decorators.py", line 50, in handler
    return func(*args, **kwargs)
           ^^^^^^^^^^^^^^^^^^^^^
  File "C:\Users\HomePC\Desktop\FREELANCING_AIMPROJECT\backend\authentication\views.py", line 258, in user_stats
    'wallet_balance': float(user.wallet.balance),
                            ^^^^^^^^^^^
  File "C:\Users\HomePC\Desktop\FREELANCING_AIMPROJECT\backend\venv\Lib\site-packages\django\db\models\fields\related_descriptors.py", line 520, in __get__
    raise self.RelatedObjectDoesNotExist(
authentication.models.User.wallet.RelatedObjectDoesNotExist: User has no wallet.
ERROR 2026-04-04 15:14:02,165 log "GET /api/auth/stats/ HTTP/1.1" 500 22761
INFO 2026-04-04 15:14:06,638 log "GET /api/chat/rooms/ HTTP/1.1" 200 52
INFO 2026-04-04 15:14:06,667 log "GET /api/chat/rooms/ HTTP/1.1" 200 52
INFO 2026-04-04 15:14:17,537 log "GET /api/listings/?page=1&ordering=-created_at HTTP/1.1" 200 52
INFO 2026-04-04 15:14:17,563 log "GET /api/listings/?page=1&ordering=-created_at HTTP/1.1" 200 52
INFO 2026-04-04 15:14:17,946 log "GET /api/listings/?page=1&ordering=-created_at HTTP/1.1" 200 52
INFO 2026-04-04 15:14:24,308 log "GET /api/transactions/disputes/ HTTP/1.1" 200 52
INFO 2026-04-04 15:14:24,352 log "GET /api/transactions/ HTTP/1.1" 200 52
INFO 2026-04-04 15:14:24,375 log "GET /api/v1/verification/demos/ HTTP/1.1" 200 52
INFO 2026-04-04 15:14:24,408 log "GET /api/transactions/disputes/ HTTP/1.1" 200 52
INFO 2026-04-04 15:14:24,409 log "GET /api/listings/?page=1&page_size=50 HTTP/1.1" 200 52
INFO 2026-04-04 15:14:24,440 log "GET /api/v1/verification/demos/ HTTP/1.1" 200 52
INFO 2026-04-04 15:14:24,441 log "GET /api/transactions/ HTTP/1.1" 200 52
INFO 2026-04-04 15:14:24,474 log "GET /api/listings/?page=1&page_size=50 HTTP/1.1" 200 52
INFO 2026-04-04 15:24:25,198 autoreload C:\Users\HomePC\Desktop\FREELANCING_AIMPROJECT\backend\authentication\views.py changed, reloading.
INFO 2026-04-04 15:24:29,589 autoreload Watching for file changes with StatReloader
INFO 2026-04-04 15:25:01,346 autoreload C:\Users\HomePC\Desktop\FREELANCING_AIMPROJECT\backend\authentication\urls.py changed, reloading.
INFO 2026-04-04 15:25:04,990 autoreload Watching for file changes with StatReloader
INFO 2026-04-04 15:25:14,305 log "GET /api/listings/?featured=true&page=1 HTTP/1.1" 200 52
INFO 2026-04-04 15:25:14,305 log "GET /api/auth/profile/ HTTP/1.1" 200 352
INFO 2026-04-04 15:25:14,323 log "GET /api/auth/profile/ HTTP/1.1" 200 352
INFO 2026-04-04 15:25:14,339 log "GET /api/auth/profile/ HTTP/1.1" 200 352
INFO 2026-04-04 15:25:14,357 log "GET /api/auth/profile/ HTTP/1.1" 200 352
INFO 2026-04-04 15:25:15,581 log "GET /api/listings/?page=1&page_size=50 HTTP/1.1" 200 52
INFO 2026-04-04 15:25:15,607 log "GET /api/transactions/disputes/ HTTP/1.1" 200 52
INFO 2026-04-04 15:25:15,654 log "GET /api/transactions/ HTTP/1.1" 200 52
INFO 2026-04-04 15:25:15,670 log "GET /api/v1/verification/demos/ HTTP/1.1" 200 52
INFO 2026-04-04 15:25:16,797 log "GET /api/transactions/disputes/ HTTP/1.1" 200 52
INFO 2026-04-04 15:25:16,806 log "GET /api/listings/?page=1&page_size=50 HTTP/1.1" 200 52
INFO 2026-04-04 15:25:16,862 log "GET /api/transactions/ HTTP/1.1" 200 52
INFO 2026-04-04 15:25:16,870 log "GET /api/v1/verification/demos/ HTTP/1.1" 200 52
INFO 2026-04-04 15:25:16,876 log "GET /api/transactions/disputes/ HTTP/1.1" 200 52
INFO 2026-04-04 15:25:16,880 log "GET /api/listings/?page=1&page_size=50 HTTP/1.1" 200 52
INFO 2026-04-04 15:25:16,914 log "GET /api/transactions/ HTTP/1.1" 200 52
INFO 2026-04-04 15:25:16,929 log "GET /api/transactions/disputes/ HTTP/1.1" 200 52
INFO 2026-04-04 15:25:16,942 log "GET /api/listings/?page=1&page_size=50 HTTP/1.1" 200 52
INFO 2026-04-04 15:25:16,944 log "GET /api/v1/verification/demos/ HTTP/1.1" 200 52
INFO 2026-04-04 15:25:16,950 log "GET /api/transactions/ HTTP/1.1" 200 52
INFO 2026-04-04 15:25:16,970 log "GET /api/listings/?page=1&page_size=50 HTTP/1.1" 200 52
INFO 2026-04-04 15:25:16,971 log "GET /api/transactions/disputes/ HTTP/1.1" 200 52
INFO 2026-04-04 15:25:16,978 log "GET /api/transactions/ HTTP/1.1" 200 52
INFO 2026-04-04 15:25:16,991 log "GET /api/v1/verification/demos/ HTTP/1.1" 200 52
INFO 2026-04-04 15:25:17,012 log "GET /api/v1/verification/demos/ HTTP/1.1" 200 52
INFO 2026-04-04 15:25:17,276 log "GET /api/transactions/disputes/ HTTP/1.1" 200 52
INFO 2026-04-04 15:25:17,293 log "GET /api/v1/verification/demos/ HTTP/1.1" 200 52
INFO 2026-04-04 15:25:17,299 log "GET /api/listings/?page=1&page_size=50 HTTP/1.1" 200 52
INFO 2026-04-04 15:25:17,313 log "GET /api/transactions/disputes/ HTTP/1.1" 200 52
INFO 2026-04-04 15:25:17,333 log "GET /api/listings/?page=1&page_size=50 HTTP/1.1" 200 52
INFO 2026-04-04 15:25:17,335 log "GET /api/v1/verification/demos/ HTTP/1.1" 200 52
INFO 2026-04-04 15:25:17,340 log "GET /api/transactions/ HTTP/1.1" 200 52
INFO 2026-04-04 15:25:17,357 log "GET /api/transactions/ HTTP/1.1" 200 52
INFO 2026-04-04 15:25:17,544 log "GET /api/transactions/ HTTP/1.1" 200 52
INFO 2026-04-04 15:25:17,556 log "GET /api/listings/?page=1&page_size=50 HTTP/1.1" 200 52
INFO 2026-04-04 15:25:17,560 log "GET /api/v1/verification/demos/ HTTP/1.1" 200 52
INFO 2026-04-04 15:25:17,561 log "GET /api/transactions/disputes/ HTTP/1.1" 200 52
INFO 2026-04-04 15:25:17,581 log "GET /api/transactions/disputes/ HTTP/1.1" 200 52
INFO 2026-04-04 15:25:17,587 log "GET /api/listings/?page=1&page_size=50 HTTP/1.1" 200 52
INFO 2026-04-04 15:25:17,617 log "GET /api/transactions/ HTTP/1.1" 200 52
INFO 2026-04-04 15:25:17,619 log "GET /api/v1/verification/demos/ HTTP/1.1" 200 52
INFO 2026-04-07 10:02:29,549 autoreload Watching for file changes with StatReloader
WARNING 2026-04-07 10:04:53,338 log Unauthorized: /api/auth/profile/
WARNING 2026-04-07 10:04:53,340 log "GET /api/auth/profile/ HTTP/1.1" 401 58
INFO 2026-04-07 10:04:53,396 log "GET /api/listings/?featured=true&page=1 HTTP/1.1" 200 52
WARNING 2026-04-07 10:05:47,475 log Not Found: /api/v1/auth/register/
WARNING 2026-04-07 10:05:47,477 log "POST /api/v1/auth/register/ HTTP/1.1" 404 3804
WARNING 2026-04-07 10:05:49,520 log Not Found: /api/v1/auth/login/
WARNING 2026-04-07 10:05:49,521 log "POST /api/v1/auth/login/ HTTP/1.1" 404 3795
WARNING 2026-04-07 10:05:51,542 log Not Found: /api/v1/auth/login/
WARNING 2026-04-07 10:05:51,542 log "POST /api/v1/auth/login/ HTTP/1.1" 404 3795
INFO 2026-04-07 10:06:49,595 log "OPTIONS /api/auth/login/ HTTP/1.1" 200 0
INFO 2026-04-07 10:06:55,383 log "POST /api/auth/login/ HTTP/1.1" 200 857
INFO 2026-04-07 10:06:57,581 log "OPTIONS /api/auth/admin/stats/ HTTP/1.1" 200 0
INFO 2026-04-07 10:06:57,582 log "OPTIONS /api/transactions/disputes/ HTTP/1.1" 200 0
INFO 2026-04-07 10:06:57,587 log "OPTIONS /api/transactions/?page_size=200 HTTP/1.1" 200 0
INFO 2026-04-07 10:06:57,594 log "OPTIONS /api/auth/admin/users/ HTTP/1.1" 200 0
INFO 2026-04-07 10:06:57,604 log "OPTIONS /api/listings/?page_size=200 HTTP/1.1" 200 0
INFO 2026-04-07 10:06:57,616 log "OPTIONS /api/listings/?page_size=200 HTTP/1.1" 200 0
INFO 2026-04-07 10:06:57,616 log "OPTIONS /api/auth/admin/all-conversations/ HTTP/1.1" 200 0
INFO 2026-04-07 10:06:57,617 log "OPTIONS /api/v1/verification/demos/ HTTP/1.1" 200 0
INFO 2026-04-07 10:06:57,619 log "OPTIONS /api/v1/verification/demos/ HTTP/1.1" 200 0
INFO 2026-04-07 10:06:57,622 log "OPTIONS /api/auth/admin/all-conversations/ HTTP/1.1" 200 0
INFO 2026-04-07 10:06:57,746 log "GET /api/listings/?page_size=200 HTTP/1.1" 200 52
INFO 2026-04-07 10:06:57,852 log "GET /api/transactions/disputes/ HTTP/1.1" 200 52
INFO 2026-04-07 10:06:57,974 log "GET /api/transactions/?page_size=200 HTTP/1.1" 200 52
INFO 2026-04-07 10:06:58,112 log "GET /api/v1/verification/demos/ HTTP/1.1" 200 52
INFO 2026-04-07 10:06:58,456 log "GET /api/transactions/disputes/ HTTP/1.1" 200 52
INFO 2026-04-07 10:06:58,459 log "GET /api/transactions/?page_size=200 HTTP/1.1" 200 52
INFO 2026-04-07 10:06:58,459 log "GET /api/listings/?page_size=200 HTTP/1.1" 200 52
INFO 2026-04-07 10:06:58,554 log "GET /api/auth/admin/all-conversations/ HTTP/1.1" 200 2
INFO 2026-04-07 10:06:58,566 log "GET /api/auth/admin/stats/ HTTP/1.1" 200 213
INFO 2026-04-07 10:06:58,603 log "GET /api/auth/admin/all-conversations/ HTTP/1.1" 200 2
INFO 2026-04-07 10:06:58,607 log "GET /api/v1/verification/demos/ HTTP/1.1" 200 52
INFO 2026-04-07 10:06:58,660 log "GET /api/auth/admin/users/ HTTP/1.1" 200 9757
INFO 2026-04-07 10:06:58,665 log "GET /api/auth/admin/stats/ HTTP/1.1" 200 213
INFO 2026-04-07 10:06:58,824 log "GET /api/auth/admin/users/ HTTP/1.1" 200 9757
INFO 2026-04-07 10:12:05,055 log "OPTIONS /api/bounties/?status=open HTTP/1.1" 200 0
INFO 2026-04-07 10:12:05,061 log "OPTIONS /api/bounties/?status=open HTTP/1.1" 200 0
INFO 2026-04-07 10:12:05,070 log "GET /api/bounties/?status=open HTTP/1.1" 200 52
INFO 2026-04-07 10:12:05,083 log "GET /api/bounties/?status=open HTTP/1.1" 200 52
INFO 2026-04-07 10:12:10,464 log "OPTIONS /api/listings/?page=1&ordering=-created_at HTTP/1.1" 200 0
INFO 2026-04-07 10:12:10,491 log "GET /api/listings/?page=1&ordering=-created_at HTTP/1.1" 200 52
INFO 2026-04-07 10:12:10,508 log "GET /api/listings/?page=1&ordering=-created_at HTTP/1.1" 200 52
INFO 2026-04-07 10:12:10,885 log "GET /api/listings/?page=1&ordering=-created_at HTTP/1.1" 200 52
INFO 2026-04-07 10:12:12,495 log "GET /api/transactions/disputes/ HTTP/1.1" 200 52
INFO 2026-04-07 10:12:12,585 log "GET /api/auth/admin/all-conversations/ HTTP/1.1" 200 2
INFO 2026-04-07 10:12:12,585 log "GET /api/auth/admin/stats/ HTTP/1.1" 200 213
INFO 2026-04-07 10:12:12,588 log "GET /api/listings/?page_size=200 HTTP/1.1" 200 52
INFO 2026-04-07 10:12:12,596 log "GET /api/transactions/?page_size=200 HTTP/1.1" 200 52
INFO 2026-04-07 10:12:12,625 log "GET /api/v1/verification/demos/ HTTP/1.1" 200 52
INFO 2026-04-07 10:12:12,655 log "GET /api/auth/admin/all-conversations/ HTTP/1.1" 200 2
INFO 2026-04-07 10:12:12,659 log "GET /api/transactions/disputes/ HTTP/1.1" 200 52
INFO 2026-04-07 10:12:12,667 log "GET /api/transactions/?page_size=200 HTTP/1.1" 200 52
INFO 2026-04-07 10:12:12,697 log "GET /api/listings/?page_size=200 HTTP/1.1" 200 52
INFO 2026-04-07 10:12:12,707 log "GET /api/v1/verification/demos/ HTTP/1.1" 200 52
INFO 2026-04-07 10:12:12,743 log "GET /api/auth/admin/stats/ HTTP/1.1" 200 213
INFO 2026-04-07 10:12:12,783 log "GET /api/auth/admin/users/ HTTP/1.1" 200 9757
INFO 2026-04-07 10:12:12,891 log "GET /api/auth/admin/users/ HTTP/1.1" 200 9757
INFO 2026-04-07 10:27:26,370 autoreload C:\Users\HomePC\Desktop\FREELANCING_AIMPROJECT\backend\authentication\models.py changed, reloading.
INFO 2026-04-07 10:27:28,896 autoreload Watching for file changes with StatReloader
INFO 2026-04-07 10:29:30,041 autoreload C:\Users\HomePC\Desktop\FREELANCING_AIMPROJECT\backend\authentication\views.py changed, reloading.
INFO 2026-04-07 10:29:32,245 autoreload Watching for file changes with StatReloader
INFO 2026-04-07 10:29:46,558 autoreload C:\Users\HomePC\Desktop\FREELANCING_AIMPROJECT\backend\authentication\views.py changed, reloading.
INFO 2026-04-07 10:29:49,083 autoreload Watching for file changes with StatReloader
INFO 2026-04-07 10:30:04,310 autoreload C:\Users\HomePC\Desktop\FREELANCING_AIMPROJECT\backend\authentication\urls.py changed, reloading.
INFO 2026-04-07 10:30:07,018 autoreload Watching for file changes with StatReloader
INFO 2026-04-07 10:30:39,472 log "OPTIONS /api/auth/profile/ HTTP/1.1" 200 0
INFO 2026-04-07 10:30:39,551 log "GET /api/auth/profile/ HTTP/1.1" 200 352
INFO 2026-04-07 10:30:39,801 log "GET /api/transactions/disputes/ HTTP/1.1" 200 451
INFO 2026-04-07 10:30:39,824 log "GET /api/auth/admin/stats/ HTTP/1.1" 200 218
INFO 2026-04-07 10:30:39,839 log "GET /api/transactions/?page_size=200 HTTP/1.1" 200 52
INFO 2026-04-07 10:30:39,875 log "GET /api/v1/verification/demos/ HTTP/1.1" 200 52
INFO 2026-04-07 10:30:39,891 log "GET /api/listings/?page_size=200 HTTP/1.1" 200 657
INFO 2026-04-07 10:30:39,951 log "GET /api/auth/admin/all-conversations/ HTTP/1.1" 200 504
INFO 2026-04-07 10:30:40,064 log "GET /api/auth/admin/users/ HTTP/1.1" 200 11071
INFO 2026-04-07 10:30:40,921 log "GET /api/transactions/disputes/ HTTP/1.1" 200 451
INFO 2026-04-07 10:30:40,953 log "GET /api/v1/verification/demos/ HTTP/1.1" 200 52
INFO 2026-04-07 10:30:40,957 log "GET /api/transactions/?page_size=200 HTTP/1.1" 200 52
INFO 2026-04-07 10:30:41,029 log "GET /api/v1/verification/demos/ HTTP/1.1" 200 52
INFO 2026-04-07 10:30:41,052 log "GET /api/auth/admin/stats/ HTTP/1.1" 200 218
INFO 2026-04-07 10:30:41,056 log "GET /api/transactions/disputes/ HTTP/1.1" 200 451
INFO 2026-04-07 10:30:41,074 log "GET /api/listings/?page_size=200 HTTP/1.1" 200 657
INFO 2026-04-07 10:30:41,083 log "GET /api/auth/admin/all-conversations/ HTTP/1.1" 200 504
INFO 2026-04-07 10:30:41,111 log "GET /api/transactions/?page_size=200 HTTP/1.1" 200 52
INFO 2026-04-07 10:30:41,192 log "GET /api/auth/admin/all-conversations/ HTTP/1.1" 200 504
INFO 2026-04-07 10:30:41,221 log "GET /api/listings/?page_size=200 HTTP/1.1" 200 657
INFO 2026-04-07 10:30:41,228 log "GET /api/auth/admin/stats/ HTTP/1.1" 200 218
INFO 2026-04-07 10:30:41,244 log "GET /api/auth/admin/users/ HTTP/1.1" 200 11071
INFO 2026-04-07 10:30:41,367 log "GET /api/auth/admin/users/ HTTP/1.1" 200 11071
INFO 2026-04-07 10:32:27,681 log "GET /api/v1/verification/demos/ HTTP/1.1" 200 52
INFO 2026-04-07 10:32:27,682 log "GET /api/transactions/?page_size=200 HTTP/1.1" 200 52
INFO 2026-04-07 10:32:27,699 log "GET /api/transactions/disputes/ HTTP/1.1" 200 451
INFO 2026-04-07 10:32:27,741 log "GET /api/auth/admin/stats/ HTTP/1.1" 200 218
INFO 2026-04-07 10:32:27,754 log "GET /api/listings/?page_size=200 HTTP/1.1" 200 657
INFO 2026-04-07 10:32:27,776 log "GET /api/auth/admin/all-conversations/ HTTP/1.1" 200 504
INFO 2026-04-07 10:32:27,857 log "GET /api/auth/admin/users/ HTTP/1.1" 200 11071
INFO 2026-04-07 10:33:24,289 log "OPTIONS /api/auth/admin/logs/escrow/ HTTP/1.1" 200 0
INFO 2026-04-07 10:33:24,300 log "OPTIONS /api/auth/admin/logs/stakes/ HTTP/1.1" 200 0
INFO 2026-04-07 10:33:24,359 log "GET /api/v1/verification/demos/ HTTP/1.1" 200 52
INFO 2026-04-07 10:33:24,373 log "GET /api/transactions/?page_size=200 HTTP/1.1" 200 52
INFO 2026-04-07 10:33:24,376 log "GET /api/transactions/disputes/ HTTP/1.1" 200 451
INFO 2026-04-07 10:33:24,434 log "GET /api/auth/admin/stats/ HTTP/1.1" 200 218
INFO 2026-04-07 10:33:24,442 log "GET /api/listings/?page_size=200 HTTP/1.1" 200 657
INFO 2026-04-07 10:33:24,457 log "GET /api/auth/admin/logs/escrow/ HTTP/1.1" 200 2
INFO 2026-04-07 10:33:24,459 log "GET /api/auth/admin/logs/stakes/ HTTP/1.1" 200 2
INFO 2026-04-07 10:33:24,485 log "GET /api/auth/admin/all-conversations/ HTTP/1.1" 200 504
INFO 2026-04-07 10:33:24,584 log "GET /api/auth/admin/users/ HTTP/1.1" 200 11071
INFO 2026-04-07 10:33:48,801 log "OPTIONS /api/chat/rooms/47df7e1d-5756-4524-a23a-4529e8a0ed83/messages/ HTTP/1.1" 200 0
INFO 2026-04-07 10:33:48,902 log "GET /api/chat/rooms/47df7e1d-5756-4524-a23a-4529e8a0ed83/messages/ HTTP/1.1" 200 462
WARNING 2026-04-07 10:33:49,311 log Not Found: /ws/chat/47df7e1d-5756-4524-a23a-4529e8a0ed83/
WARNING 2026-04-07 10:33:49,312 log "GET /ws/chat/47df7e1d-5756-4524-a23a-4529e8a0ed83/?token=eyJhbGciOiJIUzI1NiIsInR5cCI6IkpXVCJ9.eyJ0b2tlbl90eXBlIjoiYWNjZXNzIiwiZXhwIjoxNzc1NTQ5MjEyLCJpYXQiOjE3NzU1NDU2MTIsImp0aSI6Ijg1ZmE0MzUyZDU2MjRkNWFiMjJiYzgyZDhhZDJmZDk4IiwidXNlcl9pZCI6MTJ9.J7smzqA1b-rIADBtC8tunTABiQMUt3PyRdIs7PH-qe0 HTTP/1.1" 404 4111
INFO 2026-04-07 10:42:44,255 log "OPTIONS /api/auth/admin/users/21/unsuspend/ HTTP/1.1" 200 0
INFO 2026-04-07 10:42:44,278 log "POST /api/auth/admin/users/21/unsuspend/ HTTP/1.1" 200 46
INFO 2026-04-07 10:43:49,659 log "GET /api/listings/?page=1&ordering=-created_at HTTP/1.1" 200 657
INFO 2026-04-07 10:43:49,724 log "GET /api/listings/?page=1&ordering=-created_at HTTP/1.1" 200 657
INFO 2026-04-07 10:43:50,046 log "GET /api/listings/?page=1&ordering=-created_at HTTP/1.1" 200 657
INFO 2026-04-07 10:44:34,919 log "GET /api/bounties/?status=open HTTP/1.1" 200 52
INFO 2026-04-07 10:44:34,945 log "GET /api/bounties/?status=open HTTP/1.1" 200 52
INFO 2026-04-07 10:44:45,428 log "GET /api/transactions/?page_size=200 HTTP/1.1" 200 52
INFO 2026-04-07 10:44:45,468 log "GET /api/v1/verification/demos/ HTTP/1.1" 200 52
INFO 2026-04-07 10:44:45,491 log "GET /api/transactions/disputes/ HTTP/1.1" 200 451
INFO 2026-04-07 10:44:45,508 log "GET /api/auth/admin/stats/ HTTP/1.1" 200 218
INFO 2026-04-07 10:44:45,547 log "GET /api/auth/admin/logs/stakes/ HTTP/1.1" 200 2
INFO 2026-04-07 10:44:45,565 log "GET /api/listings/?page_size=200 HTTP/1.1" 200 657
INFO 2026-04-07 10:44:45,575 log "GET /api/auth/admin/logs/escrow/ HTTP/1.1" 200 2
INFO 2026-04-07 10:44:45,582 log "GET /api/auth/admin/all-conversations/ HTTP/1.1" 200 504
INFO 2026-04-07 10:44:45,641 log "GET /api/transactions/?page_size=200 HTTP/1.1" 200 52
INFO 2026-04-07 10:44:45,659 log "GET /api/v1/verification/demos/ HTTP/1.1" 200 52
INFO 2026-04-07 10:44:45,697 log "GET /api/auth/admin/logs/stakes/ HTTP/1.1" 200 2
INFO 2026-04-07 10:44:45,734 log "GET /api/transactions/disputes/ HTTP/1.1" 200 451
INFO 2026-04-07 10:44:45,758 log "GET /api/auth/admin/logs/escrow/ HTTP/1.1" 200 2
INFO 2026-04-07 10:44:45,822 log "GET /api/auth/admin/stats/ HTTP/1.1" 200 218
INFO 2026-04-07 10:44:45,826 log "GET /api/auth/admin/all-conversations/ HTTP/1.1" 200 504
INFO 2026-04-07 10:44:45,831 log "GET /api/listings/?page_size=200 HTTP/1.1" 200 657
INFO 2026-04-07 10:44:45,897 log "GET /api/auth/admin/users/ HTTP/1.1" 200 11072
INFO 2026-04-07 10:44:46,110 log "GET /api/auth/admin/users/ HTTP/1.1" 200 11072
INFO 2026-04-07 10:49:12,881 autoreload C:\Users\HomePC\Desktop\FREELANCING_AIMPROJECT\backend\authentication\models.py changed, reloading.
INFO 2026-04-07 10:49:17,729 autoreload Watching for file changes with StatReloader
ERROR 2026-04-07 10:49:53,240 log Internal Server Error: /api/bounties/
Traceback (most recent call last):
  File "C:\Users\HomePC\Desktop\FREELANCING_AIMPROJECT\backend\venv\Lib\site-packages\django\db\backends\utils.py", line 105, in _execute
    return self.cursor.execute(sql, params)
           ^^^^^^^^^^^^^^^^^^^^^^^^^^^^^^^^
  File "C:\Users\HomePC\Desktop\FREELANCING_AIMPROJECT\backend\venv\Lib\site-packages\django\db\backends\sqlite3\base.py", line 359, in execute
    return super().execute(query, params)
           ^^^^^^^^^^^^^^^^^^^^^^^^^^^^^^
sqlite3.OperationalError: no such column: authentication_user.termination_reason

The above exception was the direct cause of the following exception:

Traceback (most recent call last):
  File "C:\Users\HomePC\Desktop\FREELANCING_AIMPROJECT\backend\venv\Lib\site-packages\django\core\handlers\exception.py", line 55, in inner
    response = get_response(request)
               ^^^^^^^^^^^^^^^^^^^^^
  File "C:\Users\HomePC\Desktop\FREELANCING_AIMPROJECT\backend\venv\Lib\site-packages\django\core\handlers\base.py", line 198, in _get_response
    response = wrapped_callback(request, *callback_args, **callback_kwargs)
               ^^^^^^^^^^^^^^^^^^^^^^^^^^^^^^^^^^^^^^^^^^^^^^^^^^^^^^^^^^^^
  File "C:\Users\HomePC\Desktop\FREELANCING_AIMPROJECT\backend\venv\Lib\site-packages\django\views\decorators\csrf.py", line 65, in _view_wrapper
    return view_func(request, *args, **kwargs)
           ^^^^^^^^^^^^^^^^^^^^^^^^^^^^^^^^^^^
  File "C:\Users\HomePC\Desktop\FREELANCING_AIMPROJECT\backend\venv\Lib\site-packages\django\views\generic\base.py", line 106, in view
    return self.dispatch(request, *args, **kwargs)
           ^^^^^^^^^^^^^^^^^^^^^^^^^^^^^^^^^^^^^^^
  File "C:\Users\HomePC\Desktop\FREELANCING_AIMPROJECT\backend\venv\Lib\site-packages\rest_framework\views.py", line 515, in dispatch
    response = self.handle_exception(exc)
               ^^^^^^^^^^^^^^^^^^^^^^^^^^
  File "C:\Users\HomePC\Desktop\FREELANCING_AIMPROJECT\backend\venv\Lib\site-packages\rest_framework\views.py", line 475, in handle_exception
    self.raise_uncaught_exception(exc)
  File "C:\Users\HomePC\Desktop\FREELANCING_AIMPROJECT\backend\venv\Lib\site-packages\rest_framework\views.py", line 486, in raise_uncaught_exception
    raise exc
  File "C:\Users\HomePC\Desktop\FREELANCING_AIMPROJECT\backend\venv\Lib\site-packages\rest_framework\views.py", line 503, in dispatch
    self.initial(request, *args, **kwargs)
  File "C:\Users\HomePC\Desktop\FREELANCING_AIMPROJECT\backend\venv\Lib\site-packages\rest_framework\views.py", line 420, in initial
    self.perform_authentication(request)
  File "C:\Users\HomePC\Desktop\FREELANCING_AIMPROJECT\backend\venv\Lib\site-packages\rest_framework\views.py", line 330, in perform_authentication
    request.user
  File "C:\Users\HomePC\Desktop\FREELANCING_AIMPROJECT\backend\venv\Lib\site-packages\rest_framework\request.py", line 232, in user
    self._authenticate()
  File "C:\Users\HomePC\Desktop\FREELANCING_AIMPROJECT\backend\venv\Lib\site-packages\rest_framework\request.py", line 385, in _authenticate
    user_auth_tuple = authenticator.authenticate(self)
                      ^^^^^^^^^^^^^^^^^^^^^^^^^^^^^^^^
  File "C:\Users\HomePC\Desktop\FREELANCING_AIMPROJECT\backend\venv\Lib\site-packages\rest_framework_simplejwt\authentication.py", line 51, in authenticate
    return self.get_user(validated_token), validated_token
           ^^^^^^^^^^^^^^^^^^^^^^^^^^^^^^
  File "C:\Users\HomePC\Desktop\FREELANCING_AIMPROJECT\backend\venv\Lib\site-packages\rest_framework_simplejwt\authentication.py", line 130, in get_user
    user = self.user_model.objects.get(**{api_settings.USER_ID_FIELD: user_id})
           ^^^^^^^^^^^^^^^^^^^^^^^^^^^^^^^^^^^^^^^^^^^^^^^^^^^^^^^^^^^^^^^^^^^^
  File "C:\Users\HomePC\Desktop\FREELANCING_AIMPROJECT\backend\venv\Lib\site-packages\django\db\models\manager.py", line 87, in manager_method
    return getattr(self.get_queryset(), name)(*args, **kwargs)
           ^^^^^^^^^^^^^^^^^^^^^^^^^^^^^^^^^^^^^^^^^^^^^^^^^^^
  File "C:\Users\HomePC\Desktop\FREELANCING_AIMPROJECT\backend\venv\Lib\site-packages\django\db\models\query.py", line 635, in get
    num = len(clone)
          ^^^^^^^^^^
  File "C:\Users\HomePC\Desktop\FREELANCING_AIMPROJECT\backend\venv\Lib\site-packages\django\db\models\query.py", line 372, in __len__
    self._fetch_all()
  File "C:\Users\HomePC\Desktop\FREELANCING_AIMPROJECT\backend\venv\Lib\site-packages\django\db\models\query.py", line 2000, in _fetch_all
    self._result_cache = list(self._iterable_class(self))
                         ^^^^^^^^^^^^^^^^^^^^^^^^^^^^^^^^
  File "C:\Users\HomePC\Desktop\FREELANCING_AIMPROJECT\backend\venv\Lib\site-packages\django\db\models\query.py", line 95, in __iter__
    results = compiler.execute_sql(
              ^^^^^^^^^^^^^^^^^^^^^
  File "C:\Users\HomePC\Desktop\FREELANCING_AIMPROJECT\backend\venv\Lib\site-packages\django\db\models\sql\compiler.py", line 1624, in execute_sql
    cursor.execute(sql, params)
  File "C:\Users\HomePC\Desktop\FREELANCING_AIMPROJECT\backend\venv\Lib\site-packages\django\db\backends\utils.py", line 122, in execute
    return super().execute(sql, params)
           ^^^^^^^^^^^^^^^^^^^^^^^^^^^^
  File "C:\Users\HomePC\Desktop\FREELANCING_AIMPROJECT\backend\venv\Lib\site-packages\django\db\backends\utils.py", line 79, in execute
    return self._execute_with_wrappers(
           ^^^^^^^^^^^^^^^^^^^^^^^^^^^^
  File "C:\Users\HomePC\Desktop\FREELANCING_AIMPROJECT\backend\venv\Lib\site-packages\django\db\backends\utils.py", line 92, in _execute_with_wrappers
    return executor(sql, params, many, context)
           ^^^^^^^^^^^^^^^^^^^^^^^^^^^^^^^^^^^^
  File "C:\Users\HomePC\Desktop\FREELANCING_AIMPROJECT\backend\venv\Lib\site-packages\django\db\backends\utils.py", line 100, in _execute
    with self.db.wrap_database_errors:
  File "C:\Users\HomePC\Desktop\FREELANCING_AIMPROJECT\backend\venv\Lib\site-packages\django\db\utils.py", line 94, in __exit__
    raise dj_exc_value.with_traceback(traceback) from exc_value
  File "C:\Users\HomePC\Desktop\FREELANCING_AIMPROJECT\backend\venv\Lib\site-packages\django\db\backends\utils.py", line 105, in _execute
    return self.cursor.execute(sql, params)
           ^^^^^^^^^^^^^^^^^^^^^^^^^^^^^^^^
  File "C:\Users\HomePC\Desktop\FREELANCING_AIMPROJECT\backend\venv\Lib\site-packages\django\db\backends\sqlite3\base.py", line 359, in execute
    return super().execute(query, params)
           ^^^^^^^^^^^^^^^^^^^^^^^^^^^^^^
django.db.utils.OperationalError: no such column: authentication_user.termination_reason
ERROR 2026-04-07 10:49:53,271 log "GET /api/bounties/?status=open HTTP/1.1" 500 27157
ERROR 2026-04-07 10:49:53,472 log Internal Server Error: /api/bounties/
Traceback (most recent call last):
  File "C:\Users\HomePC\Desktop\FREELANCING_AIMPROJECT\backend\venv\Lib\site-packages\django\db\backends\utils.py", line 105, in _execute
    return self.cursor.execute(sql, params)
           ^^^^^^^^^^^^^^^^^^^^^^^^^^^^^^^^
  File "C:\Users\HomePC\Desktop\FREELANCING_AIMPROJECT\backend\venv\Lib\site-packages\django\db\backends\sqlite3\base.py", line 359, in execute
    return super().execute(query, params)
           ^^^^^^^^^^^^^^^^^^^^^^^^^^^^^^
sqlite3.OperationalError: no such column: authentication_user.termination_reason

The above exception was the direct cause of the following exception:

Traceback (most recent call last):
  File "C:\Users\HomePC\Desktop\FREELANCING_AIMPROJECT\backend\venv\Lib\site-packages\django\core\handlers\exception.py", line 55, in inner
    response = get_response(request)
               ^^^^^^^^^^^^^^^^^^^^^
  File "C:\Users\HomePC\Desktop\FREELANCING_AIMPROJECT\backend\venv\Lib\site-packages\django\core\handlers\base.py", line 198, in _get_response
    response = wrapped_callback(request, *callback_args, **callback_kwargs)
               ^^^^^^^^^^^^^^^^^^^^^^^^^^^^^^^^^^^^^^^^^^^^^^^^^^^^^^^^^^^^
  File "C:\Users\HomePC\Desktop\FREELANCING_AIMPROJECT\backend\venv\Lib\site-packages\django\views\decorators\csrf.py", line 65, in _view_wrapper
    return view_func(request, *args, **kwargs)
           ^^^^^^^^^^^^^^^^^^^^^^^^^^^^^^^^^^^
  File "C:\Users\HomePC\Desktop\FREELANCING_AIMPROJECT\backend\venv\Lib\site-packages\django\views\generic\base.py", line 106, in view
    return self.dispatch(request, *args, **kwargs)
           ^^^^^^^^^^^^^^^^^^^^^^^^^^^^^^^^^^^^^^^
  File "C:\Users\HomePC\Desktop\FREELANCING_AIMPROJECT\backend\venv\Lib\site-packages\rest_framework\views.py", line 515, in dispatch
    response = self.handle_exception(exc)
               ^^^^^^^^^^^^^^^^^^^^^^^^^^
  File "C:\Users\HomePC\Desktop\FREELANCING_AIMPROJECT\backend\venv\Lib\site-packages\rest_framework\views.py", line 475, in handle_exception
    self.raise_uncaught_exception(exc)
  File "C:\Users\HomePC\Desktop\FREELANCING_AIMPROJECT\backend\venv\Lib\site-packages\rest_framework\views.py", line 486, in raise_uncaught_exception
    raise exc
  File "C:\Users\HomePC\Desktop\FREELANCING_AIMPROJECT\backend\venv\Lib\site-packages\rest_framework\views.py", line 503, in dispatch
    self.initial(request, *args, **kwargs)
  File "C:\Users\HomePC\Desktop\FREELANCING_AIMPROJECT\backend\venv\Lib\site-packages\rest_framework\views.py", line 420, in initial
    self.perform_authentication(request)
  File "C:\Users\HomePC\Desktop\FREELANCING_AIMPROJECT\backend\venv\Lib\site-packages\rest_framework\views.py", line 330, in perform_authentication
    request.user
  File "C:\Users\HomePC\Desktop\FREELANCING_AIMPROJECT\backend\venv\Lib\site-packages\rest_framework\request.py", line 232, in user
    self._authenticate()
  File "C:\Users\HomePC\Desktop\FREELANCING_AIMPROJECT\backend\venv\Lib\site-packages\rest_framework\request.py", line 385, in _authenticate
    user_auth_tuple = authenticator.authenticate(self)
                      ^^^^^^^^^^^^^^^^^^^^^^^^^^^^^^^^
  File "C:\Users\HomePC\Desktop\FREELANCING_AIMPROJECT\backend\venv\Lib\site-packages\rest_framework_simplejwt\authentication.py", line 51, in authenticate
    return self.get_user(validated_token), validated_token
           ^^^^^^^^^^^^^^^^^^^^^^^^^^^^^^
  File "C:\Users\HomePC\Desktop\FREELANCING_AIMPROJECT\backend\venv\Lib\site-packages\rest_framework_simplejwt\authentication.py", line 130, in get_user
    user = self.user_model.objects.get(**{api_settings.USER_ID_FIELD: user_id})
           ^^^^^^^^^^^^^^^^^^^^^^^^^^^^^^^^^^^^^^^^^^^^^^^^^^^^^^^^^^^^^^^^^^^^
  File "C:\Users\HomePC\Desktop\FREELANCING_AIMPROJECT\backend\venv\Lib\site-packages\django\db\models\manager.py", line 87, in manager_method
    return getattr(self.get_queryset(), name)(*args, **kwargs)
           ^^^^^^^^^^^^^^^^^^^^^^^^^^^^^^^^^^^^^^^^^^^^^^^^^^^
  File "C:\Users\HomePC\Desktop\FREELANCING_AIMPROJECT\backend\venv\Lib\site-packages\django\db\models\query.py", line 635, in get
    num = len(clone)
          ^^^^^^^^^^
  File "C:\Users\HomePC\Desktop\FREELANCING_AIMPROJECT\backend\venv\Lib\site-packages\django\db\models\query.py", line 372, in __len__
    self._fetch_all()
  File "C:\Users\HomePC\Desktop\FREELANCING_AIMPROJECT\backend\venv\Lib\site-packages\django\db\models\query.py", line 2000, in _fetch_all
    self._result_cache = list(self._iterable_class(self))
                         ^^^^^^^^^^^^^^^^^^^^^^^^^^^^^^^^
  File "C:\Users\HomePC\Desktop\FREELANCING_AIMPROJECT\backend\venv\Lib\site-packages\django\db\models\query.py", line 95, in __iter__
    results = compiler.execute_sql(
              ^^^^^^^^^^^^^^^^^^^^^
  File "C:\Users\HomePC\Desktop\FREELANCING_AIMPROJECT\backend\venv\Lib\site-packages\django\db\models\sql\compiler.py", line 1624, in execute_sql
    cursor.execute(sql, params)
  File "C:\Users\HomePC\Desktop\FREELANCING_AIMPROJECT\backend\venv\Lib\site-packages\django\db\backends\utils.py", line 122, in execute
    return super().execute(sql, params)
           ^^^^^^^^^^^^^^^^^^^^^^^^^^^^
  File "C:\Users\HomePC\Desktop\FREELANCING_AIMPROJECT\backend\venv\Lib\site-packages\django\db\backends\utils.py", line 79, in execute
    return self._execute_with_wrappers(
           ^^^^^^^^^^^^^^^^^^^^^^^^^^^^
  File "C:\Users\HomePC\Desktop\FREELANCING_AIMPROJECT\backend\venv\Lib\site-packages\django\db\backends\utils.py", line 92, in _execute_with_wrappers
    return executor(sql, params, many, context)
           ^^^^^^^^^^^^^^^^^^^^^^^^^^^^^^^^^^^^
  File "C:\Users\HomePC\Desktop\FREELANCING_AIMPROJECT\backend\venv\Lib\site-packages\django\db\backends\utils.py", line 100, in _execute
    with self.db.wrap_database_errors:
  File "C:\Users\HomePC\Desktop\FREELANCING_AIMPROJECT\backend\venv\Lib\site-packages\django\db\utils.py", line 94, in __exit__
    raise dj_exc_value.with_traceback(traceback) from exc_value
  File "C:\Users\HomePC\Desktop\FREELANCING_AIMPROJECT\backend\venv\Lib\site-packages\django\db\backends\utils.py", line 105, in _execute
    return self.cursor.execute(sql, params)
           ^^^^^^^^^^^^^^^^^^^^^^^^^^^^^^^^
  File "C:\Users\HomePC\Desktop\FREELANCING_AIMPROJECT\backend\venv\Lib\site-packages\django\db\backends\sqlite3\base.py", line 359, in execute
    return super().execute(query, params)
           ^^^^^^^^^^^^^^^^^^^^^^^^^^^^^^
django.db.utils.OperationalError: no such column: authentication_user.termination_reason
ERROR 2026-04-07 10:49:53,482 log "GET /api/bounties/?status=open HTTP/1.1" 500 27157
ERROR 2026-04-07 10:50:02,281 log Internal Server Error: /api/auth/admin/stats/
Traceback (most recent call last):
  File "C:\Users\HomePC\Desktop\FREELANCING_AIMPROJECT\backend\venv\Lib\site-packages\django\db\backends\utils.py", line 105, in _execute
    return self.cursor.execute(sql, params)
           ^^^^^^^^^^^^^^^^^^^^^^^^^^^^^^^^
  File "C:\Users\HomePC\Desktop\FREELANCING_AIMPROJECT\backend\venv\Lib\site-packages\django\db\backends\sqlite3\base.py", line 359, in execute
    return super().execute(query, params)
           ^^^^^^^^^^^^^^^^^^^^^^^^^^^^^^
sqlite3.OperationalError: no such column: authentication_user.termination_reason

The above exception was the direct cause of the following exception:

Traceback (most recent call last):
  File "C:\Users\HomePC\Desktop\FREELANCING_AIMPROJECT\backend\venv\Lib\site-packages\django\core\handlers\exception.py", line 55, in inner
    response = get_response(request)
               ^^^^^^^^^^^^^^^^^^^^^
  File "C:\Users\HomePC\Desktop\FREELANCING_AIMPROJECT\backend\venv\Lib\site-packages\django\core\handlers\base.py", line 198, in _get_response
    response = wrapped_callback(request, *callback_args, **callback_kwargs)
               ^^^^^^^^^^^^^^^^^^^^^^^^^^^^^^^^^^^^^^^^^^^^^^^^^^^^^^^^^^^^
  File "C:\Users\HomePC\Desktop\FREELANCING_AIMPROJECT\backend\venv\Lib\site-packages\django\views\decorators\csrf.py", line 65, in _view_wrapper
    return view_func(request, *args, **kwargs)
           ^^^^^^^^^^^^^^^^^^^^^^^^^^^^^^^^^^^
  File "C:\Users\HomePC\Desktop\FREELANCING_AIMPROJECT\backend\venv\Lib\site-packages\django\views\generic\base.py", line 106, in view
    return self.dispatch(request, *args, **kwargs)
           ^^^^^^^^^^^^^^^^^^^^^^^^^^^^^^^^^^^^^^^
  File "C:\Users\HomePC\Desktop\FREELANCING_AIMPROJECT\backend\venv\Lib\site-packages\rest_framework\views.py", line 515, in dispatch
    response = self.handle_exception(exc)
               ^^^^^^^^^^^^^^^^^^^^^^^^^^
  File "C:\Users\HomePC\Desktop\FREELANCING_AIMPROJECT\backend\venv\Lib\site-packages\rest_framework\views.py", line 475, in handle_exception
    self.raise_uncaught_exception(exc)
  File "C:\Users\HomePC\Desktop\FREELANCING_AIMPROJECT\backend\venv\Lib\site-packages\rest_framework\views.py", line 486, in raise_uncaught_exception
    raise exc
  File "C:\Users\HomePC\Desktop\FREELANCING_AIMPROJECT\backend\venv\Lib\site-packages\rest_framework\views.py", line 503, in dispatch
    self.initial(request, *args, **kwargs)
  File "C:\Users\HomePC\Desktop\FREELANCING_AIMPROJECT\backend\venv\Lib\site-packages\rest_framework\views.py", line 420, in initial
    self.perform_authentication(request)
  File "C:\Users\HomePC\Desktop\FREELANCING_AIMPROJECT\backend\venv\Lib\site-packages\rest_framework\views.py", line 330, in perform_authentication
    request.user
  File "C:\Users\HomePC\Desktop\FREELANCING_AIMPROJECT\backend\venv\Lib\site-packages\rest_framework\request.py", line 232, in user
    self._authenticate()
  File "C:\Users\HomePC\Desktop\FREELANCING_AIMPROJECT\backend\venv\Lib\site-packages\rest_framework\request.py", line 385, in _authenticate
    user_auth_tuple = authenticator.authenticate(self)
                      ^^^^^^^^^^^^^^^^^^^^^^^^^^^^^^^^
  File "C:\Users\HomePC\Desktop\FREELANCING_AIMPROJECT\backend\venv\Lib\site-packages\rest_framework_simplejwt\authentication.py", line 51, in authenticate
    return self.get_user(validated_token), validated_token
           ^^^^^^^^^^^^^^^^^^^^^^^^^^^^^^
  File "C:\Users\HomePC\Desktop\FREELANCING_AIMPROJECT\backend\venv\Lib\site-packages\rest_framework_simplejwt\authentication.py", line 130, in get_user
    user = self.user_model.objects.get(**{api_settings.USER_ID_FIELD: user_id})
           ^^^^^^^^^^^^^^^^^^^^^^^^^^^^^^^^^^^^^^^^^^^^^^^^^^^^^^^^^^^^^^^^^^^^
  File "C:\Users\HomePC\Desktop\FREELANCING_AIMPROJECT\backend\venv\Lib\site-packages\django\db\models\manager.py", line 87, in manager_method
    return getattr(self.get_queryset(), name)(*args, **kwargs)
           ^^^^^^^^^^^^^^^^^^^^^^^^^^^^^^^^^^^^^^^^^^^^^^^^^^^
  File "C:\Users\HomePC\Desktop\FREELANCING_AIMPROJECT\backend\venv\Lib\site-packages\django\db\models\query.py", line 635, in get
    num = len(clone)
          ^^^^^^^^^^
  File "C:\Users\HomePC\Desktop\FREELANCING_AIMPROJECT\backend\venv\Lib\site-packages\django\db\models\query.py", line 372, in __len__
    self._fetch_all()
  File "C:\Users\HomePC\Desktop\FREELANCING_AIMPROJECT\backend\venv\Lib\site-packages\django\db\models\query.py", line 2000, in _fetch_all
    self._result_cache = list(self._iterable_class(self))
                         ^^^^^^^^^^^^^^^^^^^^^^^^^^^^^^^^
  File "C:\Users\HomePC\Desktop\FREELANCING_AIMPROJECT\backend\venv\Lib\site-packages\django\db\models\query.py", line 95, in __iter__
    results = compiler.execute_sql(
              ^^^^^^^^^^^^^^^^^^^^^
  File "C:\Users\HomePC\Desktop\FREELANCING_AIMPROJECT\backend\venv\Lib\site-packages\django\db\models\sql\compiler.py", line 1624, in execute_sql
    cursor.execute(sql, params)
  File "C:\Users\HomePC\Desktop\FREELANCING_AIMPROJECT\backend\venv\Lib\site-packages\django\db\backends\utils.py", line 122, in execute
    return super().execute(sql, params)
           ^^^^^^^^^^^^^^^^^^^^^^^^^^^^
  File "C:\Users\HomePC\Desktop\FREELANCING_AIMPROJECT\backend\venv\Lib\site-packages\django\db\backends\utils.py", line 79, in execute
    return self._execute_with_wrappers(
           ^^^^^^^^^^^^^^^^^^^^^^^^^^^^
  File "C:\Users\HomePC\Desktop\FREELANCING_AIMPROJECT\backend\venv\Lib\site-packages\django\db\backends\utils.py", line 92, in _execute_with_wrappers
    return executor(sql, params, many, context)
           ^^^^^^^^^^^^^^^^^^^^^^^^^^^^^^^^^^^^
  File "C:\Users\HomePC\Desktop\FREELANCING_AIMPROJECT\backend\venv\Lib\site-packages\django\db\backends\utils.py", line 100, in _execute
    with self.db.wrap_database_errors:
  File "C:\Users\HomePC\Desktop\FREELANCING_AIMPROJECT\backend\venv\Lib\site-packages\django\db\utils.py", line 94, in __exit__
    raise dj_exc_value.with_traceback(traceback) from exc_value
  File "C:\Users\HomePC\Desktop\FREELANCING_AIMPROJECT\backend\venv\Lib\site-packages\django\db\backends\utils.py", line 105, in _execute
    return self.cursor.execute(sql, params)
           ^^^^^^^^^^^^^^^^^^^^^^^^^^^^^^^^
  File "C:\Users\HomePC\Desktop\FREELANCING_AIMPROJECT\backend\venv\Lib\site-packages\django\db\backends\sqlite3\base.py", line 359, in execute
    return super().execute(query, params)
           ^^^^^^^^^^^^^^^^^^^^^^^^^^^^^^
django.db.utils.OperationalError: no such column: authentication_user.termination_reason
ERROR 2026-04-07 10:50:02,367 log "GET /api/auth/admin/stats/ HTTP/1.1" 500 27168
ERROR 2026-04-07 10:50:02,396 log Internal Server Error: /api/transactions/
Traceback (most recent call last):
  File "C:\Users\HomePC\Desktop\FREELANCING_AIMPROJECT\backend\venv\Lib\site-packages\django\db\backends\utils.py", line 105, in _execute
    return self.cursor.execute(sql, params)
           ^^^^^^^^^^^^^^^^^^^^^^^^^^^^^^^^
  File "C:\Users\HomePC\Desktop\FREELANCING_AIMPROJECT\backend\venv\Lib\site-packages\django\db\backends\sqlite3\base.py", line 359, in execute
    return super().execute(query, params)
           ^^^^^^^^^^^^^^^^^^^^^^^^^^^^^^
sqlite3.OperationalError: no such column: authentication_user.termination_reason

The above exception was the direct cause of the following exception:

Traceback (most recent call last):
  File "C:\Users\HomePC\Desktop\FREELANCING_AIMPROJECT\backend\venv\Lib\site-packages\django\core\handlers\exception.py", line 55, in inner
    response = get_response(request)
               ^^^^^^^^^^^^^^^^^^^^^
  File "C:\Users\HomePC\Desktop\FREELANCING_AIMPROJECT\backend\venv\Lib\site-packages\django\core\handlers\base.py", line 198, in _get_response
    response = wrapped_callback(request, *callback_args, **callback_kwargs)
               ^^^^^^^^^^^^^^^^^^^^^^^^^^^^^^^^^^^^^^^^^^^^^^^^^^^^^^^^^^^^
  File "C:\Users\HomePC\Desktop\FREELANCING_AIMPROJECT\backend\venv\Lib\site-packages\django\views\decorators\csrf.py", line 65, in _view_wrapper
    return view_func(request, *args, **kwargs)
           ^^^^^^^^^^^^^^^^^^^^^^^^^^^^^^^^^^^
  File "C:\Users\HomePC\Desktop\FREELANCING_AIMPROJECT\backend\venv\Lib\site-packages\django\views\generic\base.py", line 106, in view
    return self.dispatch(request, *args, **kwargs)
           ^^^^^^^^^^^^^^^^^^^^^^^^^^^^^^^^^^^^^^^
  File "C:\Users\HomePC\Desktop\FREELANCING_AIMPROJECT\backend\venv\Lib\site-packages\rest_framework\views.py", line 515, in dispatch
    response = self.handle_exception(exc)
               ^^^^^^^^^^^^^^^^^^^^^^^^^^
  File "C:\Users\HomePC\Desktop\FREELANCING_AIMPROJECT\backend\venv\Lib\site-packages\rest_framework\views.py", line 475, in handle_exception
    self.raise_uncaught_exception(exc)
  File "C:\Users\HomePC\Desktop\FREELANCING_AIMPROJECT\backend\venv\Lib\site-packages\rest_framework\views.py", line 486, in raise_uncaught_exception
    raise exc
  File "C:\Users\HomePC\Desktop\FREELANCING_AIMPROJECT\backend\venv\Lib\site-packages\rest_framework\views.py", line 503, in dispatch
    self.initial(request, *args, **kwargs)
  File "C:\Users\HomePC\Desktop\FREELANCING_AIMPROJECT\backend\venv\Lib\site-packages\rest_framework\views.py", line 420, in initial
    self.perform_authentication(request)
  File "C:\Users\HomePC\Desktop\FREELANCING_AIMPROJECT\backend\venv\Lib\site-packages\rest_framework\views.py", line 330, in perform_authentication
    request.user
  File "C:\Users\HomePC\Desktop\FREELANCING_AIMPROJECT\backend\venv\Lib\site-packages\rest_framework\request.py", line 232, in user
    self._authenticate()
  File "C:\Users\HomePC\Desktop\FREELANCING_AIMPROJECT\backend\venv\Lib\site-packages\rest_framework\request.py", line 385, in _authenticate
    user_auth_tuple = authenticator.authenticate(self)
                      ^^^^^^^^^^^^^^^^^^^^^^^^^^^^^^^^
  File "C:\Users\HomePC\Desktop\FREELANCING_AIMPROJECT\backend\venv\Lib\site-packages\rest_framework_simplejwt\authentication.py", line 51, in authenticate
    return self.get_user(validated_token), validated_token
           ^^^^^^^^^^^^^^^^^^^^^^^^^^^^^^
  File "C:\Users\HomePC\Desktop\FREELANCING_AIMPROJECT\backend\venv\Lib\site-packages\rest_framework_simplejwt\authentication.py", line 130, in get_user
    user = self.user_model.objects.get(**{api_settings.USER_ID_FIELD: user_id})
           ^^^^^^^^^^^^^^^^^^^^^^^^^^^^^^^^^^^^^^^^^^^^^^^^^^^^^^^^^^^^^^^^^^^^
  File "C:\Users\HomePC\Desktop\FREELANCING_AIMPROJECT\backend\venv\Lib\site-packages\django\db\models\manager.py", line 87, in manager_method
    return getattr(self.get_queryset(), name)(*args, **kwargs)
           ^^^^^^^^^^^^^^^^^^^^^^^^^^^^^^^^^^^^^^^^^^^^^^^^^^^
  File "C:\Users\HomePC\Desktop\FREELANCING_AIMPROJECT\backend\venv\Lib\site-packages\django\db\models\query.py", line 635, in get
    num = len(clone)
          ^^^^^^^^^^
  File "C:\Users\HomePC\Desktop\FREELANCING_AIMPROJECT\backend\venv\Lib\site-packages\django\db\models\query.py", line 372, in __len__
    self._fetch_all()
  File "C:\Users\HomePC\Desktop\FREELANCING_AIMPROJECT\backend\venv\Lib\site-packages\django\db\models\query.py", line 2000, in _fetch_all
    self._result_cache = list(self._iterable_class(self))
                         ^^^^^^^^^^^^^^^^^^^^^^^^^^^^^^^^
  File "C:\Users\HomePC\Desktop\FREELANCING_AIMPROJECT\backend\venv\Lib\site-packages\django\db\models\query.py", line 95, in __iter__
    results = compiler.execute_sql(
              ^^^^^^^^^^^^^^^^^^^^^
  File "C:\Users\HomePC\Desktop\FREELANCING_AIMPROJECT\backend\venv\Lib\site-packages\django\db\models\sql\compiler.py", line 1624, in execute_sql
    cursor.execute(sql, params)
  File "C:\Users\HomePC\Desktop\FREELANCING_AIMPROJECT\backend\venv\Lib\site-packages\django\db\backends\utils.py", line 122, in execute
    return super().execute(sql, params)
           ^^^^^^^^^^^^^^^^^^^^^^^^^^^^
  File "C:\Users\HomePC\Desktop\FREELANCING_AIMPROJECT\backend\venv\Lib\site-packages\django\db\backends\utils.py", line 79, in execute
    return self._execute_with_wrappers(
           ^^^^^^^^^^^^^^^^^^^^^^^^^^^^
  File "C:\Users\HomePC\Desktop\FREELANCING_AIMPROJECT\backend\venv\Lib\site-packages\django\db\backends\utils.py", line 92, in _execute_with_wrappers
    return executor(sql, params, many, context)
           ^^^^^^^^^^^^^^^^^^^^^^^^^^^^^^^^^^^^
  File "C:\Users\HomePC\Desktop\FREELANCING_AIMPROJECT\backend\venv\Lib\site-packages\django\db\backends\utils.py", line 100, in _execute
    with self.db.wrap_database_errors:
  File "C:\Users\HomePC\Desktop\FREELANCING_AIMPROJECT\backend\venv\Lib\site-packages\django\db\utils.py", line 94, in __exit__
    raise dj_exc_value.with_traceback(traceback) from exc_value
  File "C:\Users\HomePC\Desktop\FREELANCING_AIMPROJECT\backend\venv\Lib\site-packages\django\db\backends\utils.py", line 105, in _execute
    return self.cursor.execute(sql, params)
           ^^^^^^^^^^^^^^^^^^^^^^^^^^^^^^^^
  File "C:\Users\HomePC\Desktop\FREELANCING_AIMPROJECT\backend\venv\Lib\site-packages\django\db\backends\sqlite3\base.py", line 359, in execute
    return super().execute(query, params)
           ^^^^^^^^^^^^^^^^^^^^^^^^^^^^^^
django.db.utils.OperationalError: no such column: authentication_user.termination_reason
ERROR 2026-04-07 10:50:02,443 log Internal Server Error: /api/listings/
Traceback (most recent call last):
  File "C:\Users\HomePC\Desktop\FREELANCING_AIMPROJECT\backend\venv\Lib\site-packages\django\db\backends\utils.py", line 105, in _execute
    return self.cursor.execute(sql, params)
           ^^^^^^^^^^^^^^^^^^^^^^^^^^^^^^^^
  File "C:\Users\HomePC\Desktop\FREELANCING_AIMPROJECT\backend\venv\Lib\site-packages\django\db\backends\sqlite3\base.py", line 359, in execute
    return super().execute(query, params)
           ^^^^^^^^^^^^^^^^^^^^^^^^^^^^^^
sqlite3.OperationalError: no such column: authentication_user.termination_reason

The above exception was the direct cause of the following exception:

Traceback (most recent call last):
  File "C:\Users\HomePC\Desktop\FREELANCING_AIMPROJECT\backend\venv\Lib\site-packages\django\core\handlers\exception.py", line 55, in inner
    response = get_response(request)
               ^^^^^^^^^^^^^^^^^^^^^
  File "C:\Users\HomePC\Desktop\FREELANCING_AIMPROJECT\backend\venv\Lib\site-packages\django\core\handlers\base.py", line 198, in _get_response
    response = wrapped_callback(request, *callback_args, **callback_kwargs)
               ^^^^^^^^^^^^^^^^^^^^^^^^^^^^^^^^^^^^^^^^^^^^^^^^^^^^^^^^^^^^
  File "C:\Users\HomePC\Desktop\FREELANCING_AIMPROJECT\backend\venv\Lib\site-packages\django\views\decorators\csrf.py", line 65, in _view_wrapper
    return view_func(request, *args, **kwargs)
           ^^^^^^^^^^^^^^^^^^^^^^^^^^^^^^^^^^^
  File "C:\Users\HomePC\Desktop\FREELANCING_AIMPROJECT\backend\venv\Lib\site-packages\django\views\generic\base.py", line 106, in view
    return self.dispatch(request, *args, **kwargs)
           ^^^^^^^^^^^^^^^^^^^^^^^^^^^^^^^^^^^^^^^
  File "C:\Users\HomePC\Desktop\FREELANCING_AIMPROJECT\backend\venv\Lib\site-packages\rest_framework\views.py", line 515, in dispatch
    response = self.handle_exception(exc)
               ^^^^^^^^^^^^^^^^^^^^^^^^^^
  File "C:\Users\HomePC\Desktop\FREELANCING_AIMPROJECT\backend\venv\Lib\site-packages\rest_framework\views.py", line 475, in handle_exception
    self.raise_uncaught_exception(exc)
  File "C:\Users\HomePC\Desktop\FREELANCING_AIMPROJECT\backend\venv\Lib\site-packages\rest_framework\views.py", line 486, in raise_uncaught_exception
    raise exc
  File "C:\Users\HomePC\Desktop\FREELANCING_AIMPROJECT\backend\venv\Lib\site-packages\rest_framework\views.py", line 503, in dispatch
    self.initial(request, *args, **kwargs)
  File "C:\Users\HomePC\Desktop\FREELANCING_AIMPROJECT\backend\venv\Lib\site-packages\rest_framework\views.py", line 420, in initial
    self.perform_authentication(request)
  File "C:\Users\HomePC\Desktop\FREELANCING_AIMPROJECT\backend\venv\Lib\site-packages\rest_framework\views.py", line 330, in perform_authentication
    request.user
  File "C:\Users\HomePC\Desktop\FREELANCING_AIMPROJECT\backend\venv\Lib\site-packages\rest_framework\request.py", line 232, in user
    self._authenticate()
  File "C:\Users\HomePC\Desktop\FREELANCING_AIMPROJECT\backend\venv\Lib\site-packages\rest_framework\request.py", line 385, in _authenticate
    user_auth_tuple = authenticator.authenticate(self)
                      ^^^^^^^^^^^^^^^^^^^^^^^^^^^^^^^^
  File "C:\Users\HomePC\Desktop\FREELANCING_AIMPROJECT\backend\venv\Lib\site-packages\rest_framework_simplejwt\authentication.py", line 51, in authenticate
    return self.get_user(validated_token), validated_token
           ^^^^^^^^^^^^^^^^^^^^^^^^^^^^^^
  File "C:\Users\HomePC\Desktop\FREELANCING_AIMPROJECT\backend\venv\Lib\site-packages\rest_framework_simplejwt\authentication.py", line 130, in get_user
    user = self.user_model.objects.get(**{api_settings.USER_ID_FIELD: user_id})
           ^^^^^^^^^^^^^^^^^^^^^^^^^^^^^^^^^^^^^^^^^^^^^^^^^^^^^^^^^^^^^^^^^^^^
  File "C:\Users\HomePC\Desktop\FREELANCING_AIMPROJECT\backend\venv\Lib\site-packages\django\db\models\manager.py", line 87, in manager_method
    return getattr(self.get_queryset(), name)(*args, **kwargs)
           ^^^^^^^^^^^^^^^^^^^^^^^^^^^^^^^^^^^^^^^^^^^^^^^^^^^
  File "C:\Users\HomePC\Desktop\FREELANCING_AIMPROJECT\backend\venv\Lib\site-packages\django\db\models\query.py", line 635, in get
    num = len(clone)
          ^^^^^^^^^^
  File "C:\Users\HomePC\Desktop\FREELANCING_AIMPROJECT\backend\venv\Lib\site-packages\django\db\models\query.py", line 372, in __len__
    self._fetch_all()
  File "C:\Users\HomePC\Desktop\FREELANCING_AIMPROJECT\backend\venv\Lib\site-packages\django\db\models\query.py", line 2000, in _fetch_all
    self._result_cache = list(self._iterable_class(self))
                         ^^^^^^^^^^^^^^^^^^^^^^^^^^^^^^^^
  File "C:\Users\HomePC\Desktop\FREELANCING_AIMPROJECT\backend\venv\Lib\site-packages\django\db\models\query.py", line 95, in __iter__
    results = compiler.execute_sql(
              ^^^^^^^^^^^^^^^^^^^^^
  File "C:\Users\HomePC\Desktop\FREELANCING_AIMPROJECT\backend\venv\Lib\site-packages\django\db\models\sql\compiler.py", line 1624, in execute_sql
    cursor.execute(sql, params)
  File "C:\Users\HomePC\Desktop\FREELANCING_AIMPROJECT\backend\venv\Lib\site-packages\django\db\backends\utils.py", line 122, in execute
    return super().execute(sql, params)
           ^^^^^^^^^^^^^^^^^^^^^^^^^^^^
  File "C:\Users\HomePC\Desktop\FREELANCING_AIMPROJECT\backend\venv\Lib\site-packages\django\db\backends\utils.py", line 79, in execute
    return self._execute_with_wrappers(
           ^^^^^^^^^^^^^^^^^^^^^^^^^^^^
  File "C:\Users\HomePC\Desktop\FREELANCING_AIMPROJECT\backend\venv\Lib\site-packages\django\db\backends\utils.py", line 92, in _execute_with_wrappers
    return executor(sql, params, many, context)
           ^^^^^^^^^^^^^^^^^^^^^^^^^^^^^^^^^^^^
  File "C:\Users\HomePC\Desktop\FREELANCING_AIMPROJECT\backend\venv\Lib\site-packages\django\db\backends\utils.py", line 100, in _execute
    with self.db.wrap_database_errors:
  File "C:\Users\HomePC\Desktop\FREELANCING_AIMPROJECT\backend\venv\Lib\site-packages\django\db\utils.py", line 94, in __exit__
    raise dj_exc_value.with_traceback(traceback) from exc_value
  File "C:\Users\HomePC\Desktop\FREELANCING_AIMPROJECT\backend\venv\Lib\site-packages\django\db\backends\utils.py", line 105, in _execute
    return self.cursor.execute(sql, params)
           ^^^^^^^^^^^^^^^^^^^^^^^^^^^^^^^^
  File "C:\Users\HomePC\Desktop\FREELANCING_AIMPROJECT\backend\venv\Lib\site-packages\django\db\backends\sqlite3\base.py", line 359, in execute
    return super().execute(query, params)
           ^^^^^^^^^^^^^^^^^^^^^^^^^^^^^^
django.db.utils.OperationalError: no such column: authentication_user.termination_reason
ERROR 2026-04-07 10:50:02,477 log "GET /api/transactions/?page_size=200 HTTP/1.1" 500 27182
ERROR 2026-04-07 10:50:02,662 log Internal Server Error: /api/v1/verification/demos/
Traceback (most recent call last):
  File "C:\Users\HomePC\Desktop\FREELANCING_AIMPROJECT\backend\venv\Lib\site-packages\django\db\backends\utils.py", line 105, in _execute
    return self.cursor.execute(sql, params)
           ^^^^^^^^^^^^^^^^^^^^^^^^^^^^^^^^
  File "C:\Users\HomePC\Desktop\FREELANCING_AIMPROJECT\backend\venv\Lib\site-packages\django\db\backends\sqlite3\base.py", line 359, in execute
    return super().execute(query, params)
           ^^^^^^^^^^^^^^^^^^^^^^^^^^^^^^
sqlite3.OperationalError: no such column: authentication_user.termination_reason

The above exception was the direct cause of the following exception:

Traceback (most recent call last):
  File "C:\Users\HomePC\Desktop\FREELANCING_AIMPROJECT\backend\venv\Lib\site-packages\django\core\handlers\exception.py", line 55, in inner
    response = get_response(request)
               ^^^^^^^^^^^^^^^^^^^^^
  File "C:\Users\HomePC\Desktop\FREELANCING_AIMPROJECT\backend\venv\Lib\site-packages\django\core\handlers\base.py", line 198, in _get_response
    response = wrapped_callback(request, *callback_args, **callback_kwargs)
               ^^^^^^^^^^^^^^^^^^^^^^^^^^^^^^^^^^^^^^^^^^^^^^^^^^^^^^^^^^^^
  File "C:\Users\HomePC\Desktop\FREELANCING_AIMPROJECT\backend\venv\Lib\site-packages\django\views\decorators\csrf.py", line 65, in _view_wrapper
    return view_func(request, *args, **kwargs)
           ^^^^^^^^^^^^^^^^^^^^^^^^^^^^^^^^^^^
  File "C:\Users\HomePC\Desktop\FREELANCING_AIMPROJECT\backend\venv\Lib\site-packages\rest_framework\viewsets.py", line 125, in view
    return self.dispatch(request, *args, **kwargs)
           ^^^^^^^^^^^^^^^^^^^^^^^^^^^^^^^^^^^^^^^
  File "C:\Users\HomePC\Desktop\FREELANCING_AIMPROJECT\backend\venv\Lib\site-packages\rest_framework\views.py", line 515, in dispatch
    response = self.handle_exception(exc)
               ^^^^^^^^^^^^^^^^^^^^^^^^^^
  File "C:\Users\HomePC\Desktop\FREELANCING_AIMPROJECT\backend\venv\Lib\site-packages\rest_framework\views.py", line 475, in handle_exception
    self.raise_uncaught_exception(exc)
  File "C:\Users\HomePC\Desktop\FREELANCING_AIMPROJECT\backend\venv\Lib\site-packages\rest_framework\views.py", line 486, in raise_uncaught_exception
    raise exc
  File "C:\Users\HomePC\Desktop\FREELANCING_AIMPROJECT\backend\venv\Lib\site-packages\rest_framework\views.py", line 503, in dispatch
    self.initial(request, *args, **kwargs)
  File "C:\Users\HomePC\Desktop\FREELANCING_AIMPROJECT\backend\venv\Lib\site-packages\rest_framework\views.py", line 420, in initial
    self.perform_authentication(request)
  File "C:\Users\HomePC\Desktop\FREELANCING_AIMPROJECT\backend\venv\Lib\site-packages\rest_framework\views.py", line 330, in perform_authentication
    request.user
  File "C:\Users\HomePC\Desktop\FREELANCING_AIMPROJECT\backend\venv\Lib\site-packages\rest_framework\request.py", line 232, in user
    self._authenticate()
  File "C:\Users\HomePC\Desktop\FREELANCING_AIMPROJECT\backend\venv\Lib\site-packages\rest_framework\request.py", line 385, in _authenticate
    user_auth_tuple = authenticator.authenticate(self)
                      ^^^^^^^^^^^^^^^^^^^^^^^^^^^^^^^^
  File "C:\Users\HomePC\Desktop\FREELANCING_AIMPROJECT\backend\venv\Lib\site-packages\rest_framework_simplejwt\authentication.py", line 51, in authenticate
    return self.get_user(validated_token), validated_token
           ^^^^^^^^^^^^^^^^^^^^^^^^^^^^^^
  File "C:\Users\HomePC\Desktop\FREELANCING_AIMPROJECT\backend\venv\Lib\site-packages\rest_framework_simplejwt\authentication.py", line 130, in get_user
    user = self.user_model.objects.get(**{api_settings.USER_ID_FIELD: user_id})
           ^^^^^^^^^^^^^^^^^^^^^^^^^^^^^^^^^^^^^^^^^^^^^^^^^^^^^^^^^^^^^^^^^^^^
  File "C:\Users\HomePC\Desktop\FREELANCING_AIMPROJECT\backend\venv\Lib\site-packages\django\db\models\manager.py", line 87, in manager_method
    return getattr(self.get_queryset(), name)(*args, **kwargs)
           ^^^^^^^^^^^^^^^^^^^^^^^^^^^^^^^^^^^^^^^^^^^^^^^^^^^
  File "C:\Users\HomePC\Desktop\FREELANCING_AIMPROJECT\backend\venv\Lib\site-packages\django\db\models\query.py", line 635, in get
    num = len(clone)
          ^^^^^^^^^^
  File "C:\Users\HomePC\Desktop\FREELANCING_AIMPROJECT\backend\venv\Lib\site-packages\django\db\models\query.py", line 372, in __len__
    self._fetch_all()
  File "C:\Users\HomePC\Desktop\FREELANCING_AIMPROJECT\backend\venv\Lib\site-packages\django\db\models\query.py", line 2000, in _fetch_all
    self._result_cache = list(self._iterable_class(self))
                         ^^^^^^^^^^^^^^^^^^^^^^^^^^^^^^^^
  File "C:\Users\HomePC\Desktop\FREELANCING_AIMPROJECT\backend\venv\Lib\site-packages\django\db\models\query.py", line 95, in __iter__
    results = compiler.execute_sql(
              ^^^^^^^^^^^^^^^^^^^^^
  File "C:\Users\HomePC\Desktop\FREELANCING_AIMPROJECT\backend\venv\Lib\site-packages\django\db\models\sql\compiler.py", line 1624, in execute_sql
    cursor.execute(sql, params)
  File "C:\Users\HomePC\Desktop\FREELANCING_AIMPROJECT\backend\venv\Lib\site-packages\django\db\backends\utils.py", line 122, in execute
    return super().execute(sql, params)
           ^^^^^^^^^^^^^^^^^^^^^^^^^^^^
  File "C:\Users\HomePC\Desktop\FREELANCING_AIMPROJECT\backend\venv\Lib\site-packages\django\db\backends\utils.py", line 79, in execute
    return self._execute_with_wrappers(
           ^^^^^^^^^^^^^^^^^^^^^^^^^^^^
  File "C:\Users\HomePC\Desktop\FREELANCING_AIMPROJECT\backend\venv\Lib\site-packages\django\db\backends\utils.py", line 92, in _execute_with_wrappers
    return executor(sql, params, many, context)
           ^^^^^^^^^^^^^^^^^^^^^^^^^^^^^^^^^^^^
  File "C:\Users\HomePC\Desktop\FREELANCING_AIMPROJECT\backend\venv\Lib\site-packages\django\db\backends\utils.py", line 100, in _execute
    with self.db.wrap_database_errors:
  File "C:\Users\HomePC\Desktop\FREELANCING_AIMPROJECT\backend\venv\Lib\site-packages\django\db\utils.py", line 94, in __exit__
    raise dj_exc_value.with_traceback(traceback) from exc_value
  File "C:\Users\HomePC\Desktop\FREELANCING_AIMPROJECT\backend\venv\Lib\site-packages\django\db\backends\utils.py", line 105, in _execute
    return self.cursor.execute(sql, params)
           ^^^^^^^^^^^^^^^^^^^^^^^^^^^^^^^^
  File "C:\Users\HomePC\Desktop\FREELANCING_AIMPROJECT\backend\venv\Lib\site-packages\django\db\backends\sqlite3\base.py", line 359, in execute
    return super().execute(query, params)
           ^^^^^^^^^^^^^^^^^^^^^^^^^^^^^^
django.db.utils.OperationalError: no such column: authentication_user.termination_reason
ERROR 2026-04-07 10:50:02,665 log Internal Server Error: /api/transactions/disputes/
Traceback (most recent call last):
  File "C:\Users\HomePC\Desktop\FREELANCING_AIMPROJECT\backend\venv\Lib\site-packages\django\db\backends\utils.py", line 105, in _execute
    return self.cursor.execute(sql, params)
           ^^^^^^^^^^^^^^^^^^^^^^^^^^^^^^^^
  File "C:\Users\HomePC\Desktop\FREELANCING_AIMPROJECT\backend\venv\Lib\site-packages\django\db\backends\sqlite3\base.py", line 359, in execute
    return super().execute(query, params)
           ^^^^^^^^^^^^^^^^^^^^^^^^^^^^^^
sqlite3.OperationalError: no such column: authentication_user.termination_reason

The above exception was the direct cause of the following exception:

Traceback (most recent call last):
  File "C:\Users\HomePC\Desktop\FREELANCING_AIMPROJECT\backend\venv\Lib\site-packages\django\core\handlers\exception.py", line 55, in inner
    response = get_response(request)
               ^^^^^^^^^^^^^^^^^^^^^
  File "C:\Users\HomePC\Desktop\FREELANCING_AIMPROJECT\backend\venv\Lib\site-packages\django\core\handlers\base.py", line 198, in _get_response
    response = wrapped_callback(request, *callback_args, **callback_kwargs)
               ^^^^^^^^^^^^^^^^^^^^^^^^^^^^^^^^^^^^^^^^^^^^^^^^^^^^^^^^^^^^
  File "C:\Users\HomePC\Desktop\FREELANCING_AIMPROJECT\backend\venv\Lib\site-packages\django\views\decorators\csrf.py", line 65, in _view_wrapper
    return view_func(request, *args, **kwargs)
           ^^^^^^^^^^^^^^^^^^^^^^^^^^^^^^^^^^^
  File "C:\Users\HomePC\Desktop\FREELANCING_AIMPROJECT\backend\venv\Lib\site-packages\django\views\generic\base.py", line 106, in view
    return self.dispatch(request, *args, **kwargs)
           ^^^^^^^^^^^^^^^^^^^^^^^^^^^^^^^^^^^^^^^
  File "C:\Users\HomePC\Desktop\FREELANCING_AIMPROJECT\backend\venv\Lib\site-packages\rest_framework\views.py", line 515, in dispatch
    response = self.handle_exception(exc)
               ^^^^^^^^^^^^^^^^^^^^^^^^^^
  File "C:\Users\HomePC\Desktop\FREELANCING_AIMPROJECT\backend\venv\Lib\site-packages\rest_framework\views.py", line 475, in handle_exception
    self.raise_uncaught_exception(exc)
  File "C:\Users\HomePC\Desktop\FREELANCING_AIMPROJECT\backend\venv\Lib\site-packages\rest_framework\views.py", line 486, in raise_uncaught_exception
    raise exc
  File "C:\Users\HomePC\Desktop\FREELANCING_AIMPROJECT\backend\venv\Lib\site-packages\rest_framework\views.py", line 503, in dispatch
    self.initial(request, *args, **kwargs)
  File "C:\Users\HomePC\Desktop\FREELANCING_AIMPROJECT\backend\venv\Lib\site-packages\rest_framework\views.py", line 420, in initial
    self.perform_authentication(request)
  File "C:\Users\HomePC\Desktop\FREELANCING_AIMPROJECT\backend\venv\Lib\site-packages\rest_framework\views.py", line 330, in perform_authentication
    request.user
  File "C:\Users\HomePC\Desktop\FREELANCING_AIMPROJECT\backend\venv\Lib\site-packages\rest_framework\request.py", line 232, in user
    self._authenticate()
  File "C:\Users\HomePC\Desktop\FREELANCING_AIMPROJECT\backend\venv\Lib\site-packages\rest_framework\request.py", line 385, in _authenticate
    user_auth_tuple = authenticator.authenticate(self)
                      ^^^^^^^^^^^^^^^^^^^^^^^^^^^^^^^^
  File "C:\Users\HomePC\Desktop\FREELANCING_AIMPROJECT\backend\venv\Lib\site-packages\rest_framework_simplejwt\authentication.py", line 51, in authenticate
    return self.get_user(validated_token), validated_token
           ^^^^^^^^^^^^^^^^^^^^^^^^^^^^^^
  File "C:\Users\HomePC\Desktop\FREELANCING_AIMPROJECT\backend\venv\Lib\site-packages\rest_framework_simplejwt\authentication.py", line 130, in get_user
    user = self.user_model.objects.get(**{api_settings.USER_ID_FIELD: user_id})
           ^^^^^^^^^^^^^^^^^^^^^^^^^^^^^^^^^^^^^^^^^^^^^^^^^^^^^^^^^^^^^^^^^^^^
  File "C:\Users\HomePC\Desktop\FREELANCING_AIMPROJECT\backend\venv\Lib\site-packages\django\db\models\manager.py", line 87, in manager_method
    return getattr(self.get_queryset(), name)(*args, **kwargs)
           ^^^^^^^^^^^^^^^^^^^^^^^^^^^^^^^^^^^^^^^^^^^^^^^^^^^
  File "C:\Users\HomePC\Desktop\FREELANCING_AIMPROJECT\backend\venv\Lib\site-packages\django\db\models\query.py", line 635, in get
    num = len(clone)
          ^^^^^^^^^^
  File "C:\Users\HomePC\Desktop\FREELANCING_AIMPROJECT\backend\venv\Lib\site-packages\django\db\models\query.py", line 372, in __len__
    self._fetch_all()
  File "C:\Users\HomePC\Desktop\FREELANCING_AIMPROJECT\backend\venv\Lib\site-packages\django\db\models\query.py", line 2000, in _fetch_all
    self._result_cache = list(self._iterable_class(self))
                         ^^^^^^^^^^^^^^^^^^^^^^^^^^^^^^^^
  File "C:\Users\HomePC\Desktop\FREELANCING_AIMPROJECT\backend\venv\Lib\site-packages\django\db\models\query.py", line 95, in __iter__
    results = compiler.execute_sql(
              ^^^^^^^^^^^^^^^^^^^^^
  File "C:\Users\HomePC\Desktop\FREELANCING_AIMPROJECT\backend\venv\Lib\site-packages\django\db\models\sql\compiler.py", line 1624, in execute_sql
    cursor.execute(sql, params)
  File "C:\Users\HomePC\Desktop\FREELANCING_AIMPROJECT\backend\venv\Lib\site-packages\django\db\backends\utils.py", line 122, in execute
    return super().execute(sql, params)
           ^^^^^^^^^^^^^^^^^^^^^^^^^^^^
  File "C:\Users\HomePC\Desktop\FREELANCING_AIMPROJECT\backend\venv\Lib\site-packages\django\db\backends\utils.py", line 79, in execute
    return self._execute_with_wrappers(
           ^^^^^^^^^^^^^^^^^^^^^^^^^^^^
  File "C:\Users\HomePC\Desktop\FREELANCING_AIMPROJECT\backend\venv\Lib\site-packages\django\db\backends\utils.py", line 92, in _execute_with_wrappers
    return executor(sql, params, many, context)
           ^^^^^^^^^^^^^^^^^^^^^^^^^^^^^^^^^^^^
  File "C:\Users\HomePC\Desktop\FREELANCING_AIMPROJECT\backend\venv\Lib\site-packages\django\db\backends\utils.py", line 100, in _execute
    with self.db.wrap_database_errors:
  File "C:\Users\HomePC\Desktop\FREELANCING_AIMPROJECT\backend\venv\Lib\site-packages\django\db\utils.py", line 94, in __exit__
    raise dj_exc_value.with_traceback(traceback) from exc_value
  File "C:\Users\HomePC\Desktop\FREELANCING_AIMPROJECT\backend\venv\Lib\site-packages\django\db\backends\utils.py", line 105, in _execute
    return self.cursor.execute(sql, params)
           ^^^^^^^^^^^^^^^^^^^^^^^^^^^^^^^^
  File "C:\Users\HomePC\Desktop\FREELANCING_AIMPROJECT\backend\venv\Lib\site-packages\django\db\backends\sqlite3\base.py", line 359, in execute
    return super().execute(query, params)
           ^^^^^^^^^^^^^^^^^^^^^^^^^^^^^^
django.db.utils.OperationalError: no such column: authentication_user.termination_reason
ERROR 2026-04-07 10:50:02,668 log "GET /api/listings/?page_size=200 HTTP/1.1" 500 27164
ERROR 2026-04-07 10:50:02,673 log Internal Server Error: /api/auth/admin/users/
Traceback (most recent call last):
  File "C:\Users\HomePC\Desktop\FREELANCING_AIMPROJECT\backend\venv\Lib\site-packages\django\db\backends\utils.py", line 105, in _execute
    return self.cursor.execute(sql, params)
           ^^^^^^^^^^^^^^^^^^^^^^^^^^^^^^^^
  File "C:\Users\HomePC\Desktop\FREELANCING_AIMPROJECT\backend\venv\Lib\site-packages\django\db\backends\sqlite3\base.py", line 359, in execute
    return super().execute(query, params)
           ^^^^^^^^^^^^^^^^^^^^^^^^^^^^^^
sqlite3.OperationalError: no such column: authentication_user.termination_reason

The above exception was the direct cause of the following exception:

Traceback (most recent call last):
  File "C:\Users\HomePC\Desktop\FREELANCING_AIMPROJECT\backend\venv\Lib\site-packages\django\core\handlers\exception.py", line 55, in inner
    response = get_response(request)
               ^^^^^^^^^^^^^^^^^^^^^
  File "C:\Users\HomePC\Desktop\FREELANCING_AIMPROJECT\backend\venv\Lib\site-packages\django\core\handlers\base.py", line 198, in _get_response
    response = wrapped_callback(request, *callback_args, **callback_kwargs)
               ^^^^^^^^^^^^^^^^^^^^^^^^^^^^^^^^^^^^^^^^^^^^^^^^^^^^^^^^^^^^
  File "C:\Users\HomePC\Desktop\FREELANCING_AIMPROJECT\backend\venv\Lib\site-packages\django\views\decorators\csrf.py", line 65, in _view_wrapper
    return view_func(request, *args, **kwargs)
           ^^^^^^^^^^^^^^^^^^^^^^^^^^^^^^^^^^^
  File "C:\Users\HomePC\Desktop\FREELANCING_AIMPROJECT\backend\venv\Lib\site-packages\django\views\generic\base.py", line 106, in view
    return self.dispatch(request, *args, **kwargs)
           ^^^^^^^^^^^^^^^^^^^^^^^^^^^^^^^^^^^^^^^
  File "C:\Users\HomePC\Desktop\FREELANCING_AIMPROJECT\backend\venv\Lib\site-packages\rest_framework\views.py", line 515, in dispatch
    response = self.handle_exception(exc)
               ^^^^^^^^^^^^^^^^^^^^^^^^^^
  File "C:\Users\HomePC\Desktop\FREELANCING_AIMPROJECT\backend\venv\Lib\site-packages\rest_framework\views.py", line 475, in handle_exception
    self.raise_uncaught_exception(exc)
  File "C:\Users\HomePC\Desktop\FREELANCING_AIMPROJECT\backend\venv\Lib\site-packages\rest_framework\views.py", line 486, in raise_uncaught_exception
    raise exc
  File "C:\Users\HomePC\Desktop\FREELANCING_AIMPROJECT\backend\venv\Lib\site-packages\rest_framework\views.py", line 503, in dispatch
    self.initial(request, *args, **kwargs)
  File "C:\Users\HomePC\Desktop\FREELANCING_AIMPROJECT\backend\venv\Lib\site-packages\rest_framework\views.py", line 420, in initial
    self.perform_authentication(request)
  File "C:\Users\HomePC\Desktop\FREELANCING_AIMPROJECT\backend\venv\Lib\site-packages\rest_framework\views.py", line 330, in perform_authentication
    request.user
  File "C:\Users\HomePC\Desktop\FREELANCING_AIMPROJECT\backend\venv\Lib\site-packages\rest_framework\request.py", line 232, in user
    self._authenticate()
  File "C:\Users\HomePC\Desktop\FREELANCING_AIMPROJECT\backend\venv\Lib\site-packages\rest_framework\request.py", line 385, in _authenticate
    user_auth_tuple = authenticator.authenticate(self)
                      ^^^^^^^^^^^^^^^^^^^^^^^^^^^^^^^^
  File "C:\Users\HomePC\Desktop\FREELANCING_AIMPROJECT\backend\venv\Lib\site-packages\rest_framework_simplejwt\authentication.py", line 51, in authenticate
    return self.get_user(validated_token), validated_token
           ^^^^^^^^^^^^^^^^^^^^^^^^^^^^^^
  File "C:\Users\HomePC\Desktop\FREELANCING_AIMPROJECT\backend\venv\Lib\site-packages\rest_framework_simplejwt\authentication.py", line 130, in get_user
    user = self.user_model.objects.get(**{api_settings.USER_ID_FIELD: user_id})
           ^^^^^^^^^^^^^^^^^^^^^^^^^^^^^^^^^^^^^^^^^^^^^^^^^^^^^^^^^^^^^^^^^^^^
  File "C:\Users\HomePC\Desktop\FREELANCING_AIMPROJECT\backend\venv\Lib\site-packages\django\db\models\manager.py", line 87, in manager_method
    return getattr(self.get_queryset(), name)(*args, **kwargs)
           ^^^^^^^^^^^^^^^^^^^^^^^^^^^^^^^^^^^^^^^^^^^^^^^^^^^
  File "C:\Users\HomePC\Desktop\FREELANCING_AIMPROJECT\backend\venv\Lib\site-packages\django\db\models\query.py", line 635, in get
    num = len(clone)
          ^^^^^^^^^^
  File "C:\Users\HomePC\Desktop\FREELANCING_AIMPROJECT\backend\venv\Lib\site-packages\django\db\models\query.py", line 372, in __len__
    self._fetch_all()
  File "C:\Users\HomePC\Desktop\FREELANCING_AIMPROJECT\backend\venv\Lib\site-packages\django\db\models\query.py", line 2000, in _fetch_all
    self._result_cache = list(self._iterable_class(self))
                         ^^^^^^^^^^^^^^^^^^^^^^^^^^^^^^^^
  File "C:\Users\HomePC\Desktop\FREELANCING_AIMPROJECT\backend\venv\Lib\site-packages\django\db\models\query.py", line 95, in __iter__
    results = compiler.execute_sql(
              ^^^^^^^^^^^^^^^^^^^^^
  File "C:\Users\HomePC\Desktop\FREELANCING_AIMPROJECT\backend\venv\Lib\site-packages\django\db\models\sql\compiler.py", line 1624, in execute_sql
    cursor.execute(sql, params)
  File "C:\Users\HomePC\Desktop\FREELANCING_AIMPROJECT\backend\venv\Lib\site-packages\django\db\backends\utils.py", line 122, in execute
    return super().execute(sql, params)
           ^^^^^^^^^^^^^^^^^^^^^^^^^^^^
  File "C:\Users\HomePC\Desktop\FREELANCING_AIMPROJECT\backend\venv\Lib\site-packages\django\db\backends\utils.py", line 79, in execute
    return self._execute_with_wrappers(
           ^^^^^^^^^^^^^^^^^^^^^^^^^^^^
  File "C:\Users\HomePC\Desktop\FREELANCING_AIMPROJECT\backend\venv\Lib\site-packages\django\db\backends\utils.py", line 92, in _execute_with_wrappers
    return executor(sql, params, many, context)
           ^^^^^^^^^^^^^^^^^^^^^^^^^^^^^^^^^^^^
  File "C:\Users\HomePC\Desktop\FREELANCING_AIMPROJECT\backend\venv\Lib\site-packages\django\db\backends\utils.py", line 100, in _execute
    with self.db.wrap_database_errors:
  File "C:\Users\HomePC\Desktop\FREELANCING_AIMPROJECT\backend\venv\Lib\site-packages\django\db\utils.py", line 94, in __exit__
    raise dj_exc_value.with_traceback(traceback) from exc_value
  File "C:\Users\HomePC\Desktop\FREELANCING_AIMPROJECT\backend\venv\Lib\site-packages\django\db\backends\utils.py", line 105, in _execute
    return self.cursor.execute(sql, params)
           ^^^^^^^^^^^^^^^^^^^^^^^^^^^^^^^^
  File "C:\Users\HomePC\Desktop\FREELANCING_AIMPROJECT\backend\venv\Lib\site-packages\django\db\backends\sqlite3\base.py", line 359, in execute
    return super().execute(query, params)
           ^^^^^^^^^^^^^^^^^^^^^^^^^^^^^^
django.db.utils.OperationalError: no such column: authentication_user.termination_reason
ERROR 2026-04-07 10:50:02,689 log "GET /api/v1/verification/demos/ HTTP/1.1" 500 27182
ERROR 2026-04-07 10:50:02,721 log "GET /api/transactions/disputes/ HTTP/1.1" 500 27181
ERROR 2026-04-07 10:50:02,741 log "GET /api/auth/admin/users/ HTTP/1.1" 500 27164
ERROR 2026-04-07 10:50:02,943 log Internal Server Error: /api/auth/admin/all-conversations/
Traceback (most recent call last):
  File "C:\Users\HomePC\Desktop\FREELANCING_AIMPROJECT\backend\venv\Lib\site-packages\django\db\backends\utils.py", line 105, in _execute
    return self.cursor.execute(sql, params)
           ^^^^^^^^^^^^^^^^^^^^^^^^^^^^^^^^
  File "C:\Users\HomePC\Desktop\FREELANCING_AIMPROJECT\backend\venv\Lib\site-packages\django\db\backends\sqlite3\base.py", line 359, in execute
    return super().execute(query, params)
           ^^^^^^^^^^^^^^^^^^^^^^^^^^^^^^
sqlite3.OperationalError: no such column: authentication_user.termination_reason

The above exception was the direct cause of the following exception:

Traceback (most recent call last):
  File "C:\Users\HomePC\Desktop\FREELANCING_AIMPROJECT\backend\venv\Lib\site-packages\django\core\handlers\exception.py", line 55, in inner
    response = get_response(request)
               ^^^^^^^^^^^^^^^^^^^^^
  File "C:\Users\HomePC\Desktop\FREELANCING_AIMPROJECT\backend\venv\Lib\site-packages\django\core\handlers\base.py", line 198, in _get_response
    response = wrapped_callback(request, *callback_args, **callback_kwargs)
               ^^^^^^^^^^^^^^^^^^^^^^^^^^^^^^^^^^^^^^^^^^^^^^^^^^^^^^^^^^^^
  File "C:\Users\HomePC\Desktop\FREELANCING_AIMPROJECT\backend\venv\Lib\site-packages\django\views\decorators\csrf.py", line 65, in _view_wrapper
    return view_func(request, *args, **kwargs)
           ^^^^^^^^^^^^^^^^^^^^^^^^^^^^^^^^^^^
  File "C:\Users\HomePC\Desktop\FREELANCING_AIMPROJECT\backend\venv\Lib\site-packages\django\views\generic\base.py", line 106, in view
    return self.dispatch(request, *args, **kwargs)
           ^^^^^^^^^^^^^^^^^^^^^^^^^^^^^^^^^^^^^^^
  File "C:\Users\HomePC\Desktop\FREELANCING_AIMPROJECT\backend\venv\Lib\site-packages\rest_framework\views.py", line 515, in dispatch
    response = self.handle_exception(exc)
               ^^^^^^^^^^^^^^^^^^^^^^^^^^
  File "C:\Users\HomePC\Desktop\FREELANCING_AIMPROJECT\backend\venv\Lib\site-packages\rest_framework\views.py", line 475, in handle_exception
    self.raise_uncaught_exception(exc)
  File "C:\Users\HomePC\Desktop\FREELANCING_AIMPROJECT\backend\venv\Lib\site-packages\rest_framework\views.py", line 486, in raise_uncaught_exception
    raise exc
  File "C:\Users\HomePC\Desktop\FREELANCING_AIMPROJECT\backend\venv\Lib\site-packages\rest_framework\views.py", line 503, in dispatch
    self.initial(request, *args, **kwargs)
  File "C:\Users\HomePC\Desktop\FREELANCING_AIMPROJECT\backend\venv\Lib\site-packages\rest_framework\views.py", line 420, in initial
    self.perform_authentication(request)
  File "C:\Users\HomePC\Desktop\FREELANCING_AIMPROJECT\backend\venv\Lib\site-packages\rest_framework\views.py", line 330, in perform_authentication
    request.user
  File "C:\Users\HomePC\Desktop\FREELANCING_AIMPROJECT\backend\venv\Lib\site-packages\rest_framework\request.py", line 232, in user
    self._authenticate()
  File "C:\Users\HomePC\Desktop\FREELANCING_AIMPROJECT\backend\venv\Lib\site-packages\rest_framework\request.py", line 385, in _authenticate
    user_auth_tuple = authenticator.authenticate(self)
                      ^^^^^^^^^^^^^^^^^^^^^^^^^^^^^^^^
  File "C:\Users\HomePC\Desktop\FREELANCING_AIMPROJECT\backend\venv\Lib\site-packages\rest_framework_simplejwt\authentication.py", line 51, in authenticate
    return self.get_user(validated_token), validated_token
           ^^^^^^^^^^^^^^^^^^^^^^^^^^^^^^
  File "C:\Users\HomePC\Desktop\FREELANCING_AIMPROJECT\backend\venv\Lib\site-packages\rest_framework_simplejwt\authentication.py", line 130, in get_user
    user = self.user_model.objects.get(**{api_settings.USER_ID_FIELD: user_id})
           ^^^^^^^^^^^^^^^^^^^^^^^^^^^^^^^^^^^^^^^^^^^^^^^^^^^^^^^^^^^^^^^^^^^^
  File "C:\Users\HomePC\Desktop\FREELANCING_AIMPROJECT\backend\venv\Lib\site-packages\django\db\models\manager.py", line 87, in manager_method
    return getattr(self.get_queryset(), name)(*args, **kwargs)
           ^^^^^^^^^^^^^^^^^^^^^^^^^^^^^^^^^^^^^^^^^^^^^^^^^^^
  File "C:\Users\HomePC\Desktop\FREELANCING_AIMPROJECT\backend\venv\Lib\site-packages\django\db\models\query.py", line 635, in get
    num = len(clone)
          ^^^^^^^^^^
  File "C:\Users\HomePC\Desktop\FREELANCING_AIMPROJECT\backend\venv\Lib\site-packages\django\db\models\query.py", line 372, in __len__
    self._fetch_all()
  File "C:\Users\HomePC\Desktop\FREELANCING_AIMPROJECT\backend\venv\Lib\site-packages\django\db\models\query.py", line 2000, in _fetch_all
    self._result_cache = list(self._iterable_class(self))
                         ^^^^^^^^^^^^^^^^^^^^^^^^^^^^^^^^
  File "C:\Users\HomePC\Desktop\FREELANCING_AIMPROJECT\backend\venv\Lib\site-packages\django\db\models\query.py", line 95, in __iter__
    results = compiler.execute_sql(
              ^^^^^^^^^^^^^^^^^^^^^
  File "C:\Users\HomePC\Desktop\FREELANCING_AIMPROJECT\backend\venv\Lib\site-packages\django\db\models\sql\compiler.py", line 1624, in execute_sql
    cursor.execute(sql, params)
  File "C:\Users\HomePC\Desktop\FREELANCING_AIMPROJECT\backend\venv\Lib\site-packages\django\db\backends\utils.py", line 122, in execute
    return super().execute(sql, params)
           ^^^^^^^^^^^^^^^^^^^^^^^^^^^^
  File "C:\Users\HomePC\Desktop\FREELANCING_AIMPROJECT\backend\venv\Lib\site-packages\django\db\backends\utils.py", line 79, in execute
    return self._execute_with_wrappers(
           ^^^^^^^^^^^^^^^^^^^^^^^^^^^^
  File "C:\Users\HomePC\Desktop\FREELANCING_AIMPROJECT\backend\venv\Lib\site-packages\django\db\backends\utils.py", line 92, in _execute_with_wrappers
    return executor(sql, params, many, context)
           ^^^^^^^^^^^^^^^^^^^^^^^^^^^^^^^^^^^^
  File "C:\Users\HomePC\Desktop\FREELANCING_AIMPROJECT\backend\venv\Lib\site-packages\django\db\backends\utils.py", line 100, in _execute
    with self.db.wrap_database_errors:
  File "C:\Users\HomePC\Desktop\FREELANCING_AIMPROJECT\backend\venv\Lib\site-packages\django\db\utils.py", line 94, in __exit__
    raise dj_exc_value.with_traceback(traceback) from exc_value
  File "C:\Users\HomePC\Desktop\FREELANCING_AIMPROJECT\backend\venv\Lib\site-packages\django\db\backends\utils.py", line 105, in _execute
    return self.cursor.execute(sql, params)
           ^^^^^^^^^^^^^^^^^^^^^^^^^^^^^^^^
  File "C:\Users\HomePC\Desktop\FREELANCING_AIMPROJECT\backend\venv\Lib\site-packages\django\db\backends\sqlite3\base.py", line 359, in execute
    return super().execute(query, params)
           ^^^^^^^^^^^^^^^^^^^^^^^^^^^^^^
django.db.utils.OperationalError: no such column: authentication_user.termination_reason
ERROR 2026-04-07 10:50:02,969 log "GET /api/auth/admin/all-conversations/ HTTP/1.1" 500 27223
ERROR 2026-04-07 10:50:03,061 log Internal Server Error: /api/auth/admin/logs/stakes/
Traceback (most recent call last):
  File "C:\Users\HomePC\Desktop\FREELANCING_AIMPROJECT\backend\venv\Lib\site-packages\django\db\backends\utils.py", line 105, in _execute
    return self.cursor.execute(sql, params)
           ^^^^^^^^^^^^^^^^^^^^^^^^^^^^^^^^
  File "C:\Users\HomePC\Desktop\FREELANCING_AIMPROJECT\backend\venv\Lib\site-packages\django\db\backends\sqlite3\base.py", line 359, in execute
    return super().execute(query, params)
           ^^^^^^^^^^^^^^^^^^^^^^^^^^^^^^
sqlite3.OperationalError: no such column: authentication_user.termination_reason

The above exception was the direct cause of the following exception:

Traceback (most recent call last):
  File "C:\Users\HomePC\Desktop\FREELANCING_AIMPROJECT\backend\venv\Lib\site-packages\django\core\handlers\exception.py", line 55, in inner
    response = get_response(request)
               ^^^^^^^^^^^^^^^^^^^^^
  File "C:\Users\HomePC\Desktop\FREELANCING_AIMPROJECT\backend\venv\Lib\site-packages\django\core\handlers\base.py", line 198, in _get_response
    response = wrapped_callback(request, *callback_args, **callback_kwargs)
               ^^^^^^^^^^^^^^^^^^^^^^^^^^^^^^^^^^^^^^^^^^^^^^^^^^^^^^^^^^^^
  File "C:\Users\HomePC\Desktop\FREELANCING_AIMPROJECT\backend\venv\Lib\site-packages\django\views\decorators\csrf.py", line 65, in _view_wrapper
    return view_func(request, *args, **kwargs)
           ^^^^^^^^^^^^^^^^^^^^^^^^^^^^^^^^^^^
  File "C:\Users\HomePC\Desktop\FREELANCING_AIMPROJECT\backend\venv\Lib\site-packages\django\views\generic\base.py", line 106, in view
    return self.dispatch(request, *args, **kwargs)
           ^^^^^^^^^^^^^^^^^^^^^^^^^^^^^^^^^^^^^^^
  File "C:\Users\HomePC\Desktop\FREELANCING_AIMPROJECT\backend\venv\Lib\site-packages\rest_framework\views.py", line 515, in dispatch
    response = self.handle_exception(exc)
               ^^^^^^^^^^^^^^^^^^^^^^^^^^
  File "C:\Users\HomePC\Desktop\FREELANCING_AIMPROJECT\backend\venv\Lib\site-packages\rest_framework\views.py", line 475, in handle_exception
    self.raise_uncaught_exception(exc)
  File "C:\Users\HomePC\Desktop\FREELANCING_AIMPROJECT\backend\venv\Lib\site-packages\rest_framework\views.py", line 486, in raise_uncaught_exception
    raise exc
  File "C:\Users\HomePC\Desktop\FREELANCING_AIMPROJECT\backend\venv\Lib\site-packages\rest_framework\views.py", line 503, in dispatch
    self.initial(request, *args, **kwargs)
  File "C:\Users\HomePC\Desktop\FREELANCING_AIMPROJECT\backend\venv\Lib\site-packages\rest_framework\views.py", line 420, in initial
    self.perform_authentication(request)
  File "C:\Users\HomePC\Desktop\FREELANCING_AIMPROJECT\backend\venv\Lib\site-packages\rest_framework\views.py", line 330, in perform_authentication
    request.user
  File "C:\Users\HomePC\Desktop\FREELANCING_AIMPROJECT\backend\venv\Lib\site-packages\rest_framework\request.py", line 232, in user
    self._authenticate()
  File "C:\Users\HomePC\Desktop\FREELANCING_AIMPROJECT\backend\venv\Lib\site-packages\rest_framework\request.py", line 385, in _authenticate
    user_auth_tuple = authenticator.authenticate(self)
                      ^^^^^^^^^^^^^^^^^^^^^^^^^^^^^^^^
  File "C:\Users\HomePC\Desktop\FREELANCING_AIMPROJECT\backend\venv\Lib\site-packages\rest_framework_simplejwt\authentication.py", line 51, in authenticate
    return self.get_user(validated_token), validated_token
           ^^^^^^^^^^^^^^^^^^^^^^^^^^^^^^
  File "C:\Users\HomePC\Desktop\FREELANCING_AIMPROJECT\backend\venv\Lib\site-packages\rest_framework_simplejwt\authentication.py", line 130, in get_user
    user = self.user_model.objects.get(**{api_settings.USER_ID_FIELD: user_id})
           ^^^^^^^^^^^^^^^^^^^^^^^^^^^^^^^^^^^^^^^^^^^^^^^^^^^^^^^^^^^^^^^^^^^^
  File "C:\Users\HomePC\Desktop\FREELANCING_AIMPROJECT\backend\venv\Lib\site-packages\django\db\models\manager.py", line 87, in manager_method
    return getattr(self.get_queryset(), name)(*args, **kwargs)
           ^^^^^^^^^^^^^^^^^^^^^^^^^^^^^^^^^^^^^^^^^^^^^^^^^^^
  File "C:\Users\HomePC\Desktop\FREELANCING_AIMPROJECT\backend\venv\Lib\site-packages\django\db\models\query.py", line 635, in get
    num = len(clone)
          ^^^^^^^^^^
  File "C:\Users\HomePC\Desktop\FREELANCING_AIMPROJECT\backend\venv\Lib\site-packages\django\db\models\query.py", line 372, in __len__
    self._fetch_all()
  File "C:\Users\HomePC\Desktop\FREELANCING_AIMPROJECT\backend\venv\Lib\site-packages\django\db\models\query.py", line 2000, in _fetch_all
    self._result_cache = list(self._iterable_class(self))
                         ^^^^^^^^^^^^^^^^^^^^^^^^^^^^^^^^
  File "C:\Users\HomePC\Desktop\FREELANCING_AIMPROJECT\backend\venv\Lib\site-packages\django\db\models\query.py", line 95, in __iter__
    results = compiler.execute_sql(
              ^^^^^^^^^^^^^^^^^^^^^
  File "C:\Users\HomePC\Desktop\FREELANCING_AIMPROJECT\backend\venv\Lib\site-packages\django\db\models\sql\compiler.py", line 1624, in execute_sql
    cursor.execute(sql, params)
  File "C:\Users\HomePC\Desktop\FREELANCING_AIMPROJECT\backend\venv\Lib\site-packages\django\db\backends\utils.py", line 122, in execute
    return super().execute(sql, params)
           ^^^^^^^^^^^^^^^^^^^^^^^^^^^^
  File "C:\Users\HomePC\Desktop\FREELANCING_AIMPROJECT\backend\venv\Lib\site-packages\django\db\backends\utils.py", line 79, in execute
    return self._execute_with_wrappers(
           ^^^^^^^^^^^^^^^^^^^^^^^^^^^^
  File "C:\Users\HomePC\Desktop\FREELANCING_AIMPROJECT\backend\venv\Lib\site-packages\django\db\backends\utils.py", line 92, in _execute_with_wrappers
    return executor(sql, params, many, context)
           ^^^^^^^^^^^^^^^^^^^^^^^^^^^^^^^^^^^^
  File "C:\Users\HomePC\Desktop\FREELANCING_AIMPROJECT\backend\venv\Lib\site-packages\django\db\backends\utils.py", line 100, in _execute
    with self.db.wrap_database_errors:
  File "C:\Users\HomePC\Desktop\FREELANCING_AIMPROJECT\backend\venv\Lib\site-packages\django\db\utils.py", line 94, in __exit__
    raise dj_exc_value.with_traceback(traceback) from exc_value
  File "C:\Users\HomePC\Desktop\FREELANCING_AIMPROJECT\backend\venv\Lib\site-packages\django\db\backends\utils.py", line 105, in _execute
    return self.cursor.execute(sql, params)
           ^^^^^^^^^^^^^^^^^^^^^^^^^^^^^^^^
  File "C:\Users\HomePC\Desktop\FREELANCING_AIMPROJECT\backend\venv\Lib\site-packages\django\db\backends\sqlite3\base.py", line 359, in execute
    return super().execute(query, params)
           ^^^^^^^^^^^^^^^^^^^^^^^^^^^^^^
django.db.utils.OperationalError: no such column: authentication_user.termination_reason
ERROR 2026-04-07 10:50:03,099 log "GET /api/auth/admin/logs/stakes/ HTTP/1.1" 500 27188
ERROR 2026-04-07 10:50:03,206 log Internal Server Error: /api/auth/admin/stats/
Traceback (most recent call last):
  File "C:\Users\HomePC\Desktop\FREELANCING_AIMPROJECT\backend\venv\Lib\site-packages\django\db\backends\utils.py", line 105, in _execute
    return self.cursor.execute(sql, params)
           ^^^^^^^^^^^^^^^^^^^^^^^^^^^^^^^^
  File "C:\Users\HomePC\Desktop\FREELANCING_AIMPROJECT\backend\venv\Lib\site-packages\django\db\backends\sqlite3\base.py", line 359, in execute
    return super().execute(query, params)
           ^^^^^^^^^^^^^^^^^^^^^^^^^^^^^^
sqlite3.OperationalError: no such column: authentication_user.termination_reason

The above exception was the direct cause of the following exception:

Traceback (most recent call last):
  File "C:\Users\HomePC\Desktop\FREELANCING_AIMPROJECT\backend\venv\Lib\site-packages\django\core\handlers\exception.py", line 55, in inner
    response = get_response(request)
               ^^^^^^^^^^^^^^^^^^^^^
  File "C:\Users\HomePC\Desktop\FREELANCING_AIMPROJECT\backend\venv\Lib\site-packages\django\core\handlers\base.py", line 198, in _get_response
    response = wrapped_callback(request, *callback_args, **callback_kwargs)
               ^^^^^^^^^^^^^^^^^^^^^^^^^^^^^^^^^^^^^^^^^^^^^^^^^^^^^^^^^^^^
  File "C:\Users\HomePC\Desktop\FREELANCING_AIMPROJECT\backend\venv\Lib\site-packages\django\views\decorators\csrf.py", line 65, in _view_wrapper
    return view_func(request, *args, **kwargs)
           ^^^^^^^^^^^^^^^^^^^^^^^^^^^^^^^^^^^
  File "C:\Users\HomePC\Desktop\FREELANCING_AIMPROJECT\backend\venv\Lib\site-packages\django\views\generic\base.py", line 106, in view
    return self.dispatch(request, *args, **kwargs)
           ^^^^^^^^^^^^^^^^^^^^^^^^^^^^^^^^^^^^^^^
  File "C:\Users\HomePC\Desktop\FREELANCING_AIMPROJECT\backend\venv\Lib\site-packages\rest_framework\views.py", line 515, in dispatch
    response = self.handle_exception(exc)
               ^^^^^^^^^^^^^^^^^^^^^^^^^^
  File "C:\Users\HomePC\Desktop\FREELANCING_AIMPROJECT\backend\venv\Lib\site-packages\rest_framework\views.py", line 475, in handle_exception
    self.raise_uncaught_exception(exc)
  File "C:\Users\HomePC\Desktop\FREELANCING_AIMPROJECT\backend\venv\Lib\site-packages\rest_framework\views.py", line 486, in raise_uncaught_exception
    raise exc
  File "C:\Users\HomePC\Desktop\FREELANCING_AIMPROJECT\backend\venv\Lib\site-packages\rest_framework\views.py", line 503, in dispatch
    self.initial(request, *args, **kwargs)
  File "C:\Users\HomePC\Desktop\FREELANCING_AIMPROJECT\backend\venv\Lib\site-packages\rest_framework\views.py", line 420, in initial
    self.perform_authentication(request)
  File "C:\Users\HomePC\Desktop\FREELANCING_AIMPROJECT\backend\venv\Lib\site-packages\rest_framework\views.py", line 330, in perform_authentication
    request.user
  File "C:\Users\HomePC\Desktop\FREELANCING_AIMPROJECT\backend\venv\Lib\site-packages\rest_framework\request.py", line 232, in user
    self._authenticate()
  File "C:\Users\HomePC\Desktop\FREELANCING_AIMPROJECT\backend\venv\Lib\site-packages\rest_framework\request.py", line 385, in _authenticate
    user_auth_tuple = authenticator.authenticate(self)
                      ^^^^^^^^^^^^^^^^^^^^^^^^^^^^^^^^
  File "C:\Users\HomePC\Desktop\FREELANCING_AIMPROJECT\backend\venv\Lib\site-packages\rest_framework_simplejwt\authentication.py", line 51, in authenticate
    return self.get_user(validated_token), validated_token
           ^^^^^^^^^^^^^^^^^^^^^^^^^^^^^^
  File "C:\Users\HomePC\Desktop\FREELANCING_AIMPROJECT\backend\venv\Lib\site-packages\rest_framework_simplejwt\authentication.py", line 130, in get_user
    user = self.user_model.objects.get(**{api_settings.USER_ID_FIELD: user_id})
           ^^^^^^^^^^^^^^^^^^^^^^^^^^^^^^^^^^^^^^^^^^^^^^^^^^^^^^^^^^^^^^^^^^^^
  File "C:\Users\HomePC\Desktop\FREELANCING_AIMPROJECT\backend\venv\Lib\site-packages\django\db\models\manager.py", line 87, in manager_method
    return getattr(self.get_queryset(), name)(*args, **kwargs)
           ^^^^^^^^^^^^^^^^^^^^^^^^^^^^^^^^^^^^^^^^^^^^^^^^^^^
  File "C:\Users\HomePC\Desktop\FREELANCING_AIMPROJECT\backend\venv\Lib\site-packages\django\db\models\query.py", line 635, in get
    num = len(clone)
          ^^^^^^^^^^
  File "C:\Users\HomePC\Desktop\FREELANCING_AIMPROJECT\backend\venv\Lib\site-packages\django\db\models\query.py", line 372, in __len__
    self._fetch_all()
  File "C:\Users\HomePC\Desktop\FREELANCING_AIMPROJECT\backend\venv\Lib\site-packages\django\db\models\query.py", line 2000, in _fetch_all
    self._result_cache = list(self._iterable_class(self))
                         ^^^^^^^^^^^^^^^^^^^^^^^^^^^^^^^^
  File "C:\Users\HomePC\Desktop\FREELANCING_AIMPROJECT\backend\venv\Lib\site-packages\django\db\models\query.py", line 95, in __iter__
    results = compiler.execute_sql(
              ^^^^^^^^^^^^^^^^^^^^^
  File "C:\Users\HomePC\Desktop\FREELANCING_AIMPROJECT\backend\venv\Lib\site-packages\django\db\models\sql\compiler.py", line 1624, in execute_sql
    cursor.execute(sql, params)
  File "C:\Users\HomePC\Desktop\FREELANCING_AIMPROJECT\backend\venv\Lib\site-packages\django\db\backends\utils.py", line 122, in execute
    return super().execute(sql, params)
           ^^^^^^^^^^^^^^^^^^^^^^^^^^^^
  File "C:\Users\HomePC\Desktop\FREELANCING_AIMPROJECT\backend\venv\Lib\site-packages\django\db\backends\utils.py", line 79, in execute
    return self._execute_with_wrappers(
           ^^^^^^^^^^^^^^^^^^^^^^^^^^^^
  File "C:\Users\HomePC\Desktop\FREELANCING_AIMPROJECT\backend\venv\Lib\site-packages\django\db\backends\utils.py", line 92, in _execute_with_wrappers
    return executor(sql, params, many, context)
           ^^^^^^^^^^^^^^^^^^^^^^^^^^^^^^^^^^^^
  File "C:\Users\HomePC\Desktop\FREELANCING_AIMPROJECT\backend\venv\Lib\site-packages\django\db\backends\utils.py", line 100, in _execute
    with self.db.wrap_database_errors:
  File "C:\Users\HomePC\Desktop\FREELANCING_AIMPROJECT\backend\venv\Lib\site-packages\django\db\utils.py", line 94, in __exit__
    raise dj_exc_value.with_traceback(traceback) from exc_value
  File "C:\Users\HomePC\Desktop\FREELANCING_AIMPROJECT\backend\venv\Lib\site-packages\django\db\backends\utils.py", line 105, in _execute
    return self.cursor.execute(sql, params)
           ^^^^^^^^^^^^^^^^^^^^^^^^^^^^^^^^
  File "C:\Users\HomePC\Desktop\FREELANCING_AIMPROJECT\backend\venv\Lib\site-packages\django\db\backends\sqlite3\base.py", line 359, in execute
    return super().execute(query, params)
           ^^^^^^^^^^^^^^^^^^^^^^^^^^^^^^
django.db.utils.OperationalError: no such column: authentication_user.termination_reason
ERROR 2026-04-07 10:50:03,280 log Internal Server Error: /api/auth/admin/logs/escrow/
Traceback (most recent call last):
  File "C:\Users\HomePC\Desktop\FREELANCING_AIMPROJECT\backend\venv\Lib\site-packages\django\db\backends\utils.py", line 105, in _execute
    return self.cursor.execute(sql, params)
           ^^^^^^^^^^^^^^^^^^^^^^^^^^^^^^^^
  File "C:\Users\HomePC\Desktop\FREELANCING_AIMPROJECT\backend\venv\Lib\site-packages\django\db\backends\sqlite3\base.py", line 359, in execute
    return super().execute(query, params)
           ^^^^^^^^^^^^^^^^^^^^^^^^^^^^^^
sqlite3.OperationalError: no such column: authentication_user.termination_reason

The above exception was the direct cause of the following exception:

Traceback (most recent call last):
  File "C:\Users\HomePC\Desktop\FREELANCING_AIMPROJECT\backend\venv\Lib\site-packages\django\core\handlers\exception.py", line 55, in inner
    response = get_response(request)
               ^^^^^^^^^^^^^^^^^^^^^
  File "C:\Users\HomePC\Desktop\FREELANCING_AIMPROJECT\backend\venv\Lib\site-packages\django\core\handlers\base.py", line 198, in _get_response
    response = wrapped_callback(request, *callback_args, **callback_kwargs)
               ^^^^^^^^^^^^^^^^^^^^^^^^^^^^^^^^^^^^^^^^^^^^^^^^^^^^^^^^^^^^
  File "C:\Users\HomePC\Desktop\FREELANCING_AIMPROJECT\backend\venv\Lib\site-packages\django\views\decorators\csrf.py", line 65, in _view_wrapper
    return view_func(request, *args, **kwargs)
           ^^^^^^^^^^^^^^^^^^^^^^^^^^^^^^^^^^^
  File "C:\Users\HomePC\Desktop\FREELANCING_AIMPROJECT\backend\venv\Lib\site-packages\django\views\generic\base.py", line 106, in view
    return self.dispatch(request, *args, **kwargs)
           ^^^^^^^^^^^^^^^^^^^^^^^^^^^^^^^^^^^^^^^
  File "C:\Users\HomePC\Desktop\FREELANCING_AIMPROJECT\backend\venv\Lib\site-packages\rest_framework\views.py", line 515, in dispatch
    response = self.handle_exception(exc)
               ^^^^^^^^^^^^^^^^^^^^^^^^^^
  File "C:\Users\HomePC\Desktop\FREELANCING_AIMPROJECT\backend\venv\Lib\site-packages\rest_framework\views.py", line 475, in handle_exception
    self.raise_uncaught_exception(exc)
  File "C:\Users\HomePC\Desktop\FREELANCING_AIMPROJECT\backend\venv\Lib\site-packages\rest_framework\views.py", line 486, in raise_uncaught_exception
    raise exc
  File "C:\Users\HomePC\Desktop\FREELANCING_AIMPROJECT\backend\venv\Lib\site-packages\rest_framework\views.py", line 503, in dispatch
    self.initial(request, *args, **kwargs)
  File "C:\Users\HomePC\Desktop\FREELANCING_AIMPROJECT\backend\venv\Lib\site-packages\rest_framework\views.py", line 420, in initial
    self.perform_authentication(request)
  File "C:\Users\HomePC\Desktop\FREELANCING_AIMPROJECT\backend\venv\Lib\site-packages\rest_framework\views.py", line 330, in perform_authentication
    request.user
  File "C:\Users\HomePC\Desktop\FREELANCING_AIMPROJECT\backend\venv\Lib\site-packages\rest_framework\request.py", line 232, in user
    self._authenticate()
  File "C:\Users\HomePC\Desktop\FREELANCING_AIMPROJECT\backend\venv\Lib\site-packages\rest_framework\request.py", line 385, in _authenticate
    user_auth_tuple = authenticator.authenticate(self)
                      ^^^^^^^^^^^^^^^^^^^^^^^^^^^^^^^^
  File "C:\Users\HomePC\Desktop\FREELANCING_AIMPROJECT\backend\venv\Lib\site-packages\rest_framework_simplejwt\authentication.py", line 51, in authenticate
    return self.get_user(validated_token), validated_token
           ^^^^^^^^^^^^^^^^^^^^^^^^^^^^^^
  File "C:\Users\HomePC\Desktop\FREELANCING_AIMPROJECT\backend\venv\Lib\site-packages\rest_framework_simplejwt\authentication.py", line 130, in get_user
    user = self.user_model.objects.get(**{api_settings.USER_ID_FIELD: user_id})
           ^^^^^^^^^^^^^^^^^^^^^^^^^^^^^^^^^^^^^^^^^^^^^^^^^^^^^^^^^^^^^^^^^^^^
  File "C:\Users\HomePC\Desktop\FREELANCING_AIMPROJECT\backend\venv\Lib\site-packages\django\db\models\manager.py", line 87, in manager_method
    return getattr(self.get_queryset(), name)(*args, **kwargs)
           ^^^^^^^^^^^^^^^^^^^^^^^^^^^^^^^^^^^^^^^^^^^^^^^^^^^
  File "C:\Users\HomePC\Desktop\FREELANCING_AIMPROJECT\backend\venv\Lib\site-packages\django\db\models\query.py", line 635, in get
    num = len(clone)
          ^^^^^^^^^^
  File "C:\Users\HomePC\Desktop\FREELANCING_AIMPROJECT\backend\venv\Lib\site-packages\django\db\models\query.py", line 372, in __len__
    self._fetch_all()
  File "C:\Users\HomePC\Desktop\FREELANCING_AIMPROJECT\backend\venv\Lib\site-packages\django\db\models\query.py", line 2000, in _fetch_all
    self._result_cache = list(self._iterable_class(self))
                         ^^^^^^^^^^^^^^^^^^^^^^^^^^^^^^^^
  File "C:\Users\HomePC\Desktop\FREELANCING_AIMPROJECT\backend\venv\Lib\site-packages\django\db\models\query.py", line 95, in __iter__
    results = compiler.execute_sql(
              ^^^^^^^^^^^^^^^^^^^^^
  File "C:\Users\HomePC\Desktop\FREELANCING_AIMPROJECT\backend\venv\Lib\site-packages\django\db\models\sql\compiler.py", line 1624, in execute_sql
    cursor.execute(sql, params)
  File "C:\Users\HomePC\Desktop\FREELANCING_AIMPROJECT\backend\venv\Lib\site-packages\django\db\backends\utils.py", line 122, in execute
    return super().execute(sql, params)
           ^^^^^^^^^^^^^^^^^^^^^^^^^^^^
  File "C:\Users\HomePC\Desktop\FREELANCING_AIMPROJECT\backend\venv\Lib\site-packages\django\db\backends\utils.py", line 79, in execute
    return self._execute_with_wrappers(
           ^^^^^^^^^^^^^^^^^^^^^^^^^^^^
  File "C:\Users\HomePC\Desktop\FREELANCING_AIMPROJECT\backend\venv\Lib\site-packages\django\db\backends\utils.py", line 92, in _execute_with_wrappers
    return executor(sql, params, many, context)
           ^^^^^^^^^^^^^^^^^^^^^^^^^^^^^^^^^^^^
  File "C:\Users\HomePC\Desktop\FREELANCING_AIMPROJECT\backend\venv\Lib\site-packages\django\db\backends\utils.py", line 100, in _execute
    with self.db.wrap_database_errors:
  File "C:\Users\HomePC\Desktop\FREELANCING_AIMPROJECT\backend\venv\Lib\site-packages\django\db\utils.py", line 94, in __exit__
    raise dj_exc_value.with_traceback(traceback) from exc_value
  File "C:\Users\HomePC\Desktop\FREELANCING_AIMPROJECT\backend\venv\Lib\site-packages\django\db\backends\utils.py", line 105, in _execute
    return self.cursor.execute(sql, params)
           ^^^^^^^^^^^^^^^^^^^^^^^^^^^^^^^^
  File "C:\Users\HomePC\Desktop\FREELANCING_AIMPROJECT\backend\venv\Lib\site-packages\django\db\backends\sqlite3\base.py", line 359, in execute
    return super().execute(query, params)
           ^^^^^^^^^^^^^^^^^^^^^^^^^^^^^^
django.db.utils.OperationalError: no such column: authentication_user.termination_reason
ERROR 2026-04-07 10:50:03,306 log "GET /api/auth/admin/stats/ HTTP/1.1" 500 27168
ERROR 2026-04-07 10:50:03,349 log Internal Server Error: /api/transactions/
Traceback (most recent call last):
  File "C:\Users\HomePC\Desktop\FREELANCING_AIMPROJECT\backend\venv\Lib\site-packages\django\db\backends\utils.py", line 105, in _execute
    return self.cursor.execute(sql, params)
           ^^^^^^^^^^^^^^^^^^^^^^^^^^^^^^^^
  File "C:\Users\HomePC\Desktop\FREELANCING_AIMPROJECT\backend\venv\Lib\site-packages\django\db\backends\sqlite3\base.py", line 359, in execute
    return super().execute(query, params)
           ^^^^^^^^^^^^^^^^^^^^^^^^^^^^^^
sqlite3.OperationalError: no such column: authentication_user.termination_reason

The above exception was the direct cause of the following exception:

Traceback (most recent call last):
  File "C:\Users\HomePC\Desktop\FREELANCING_AIMPROJECT\backend\venv\Lib\site-packages\django\core\handlers\exception.py", line 55, in inner
    response = get_response(request)
               ^^^^^^^^^^^^^^^^^^^^^
  File "C:\Users\HomePC\Desktop\FREELANCING_AIMPROJECT\backend\venv\Lib\site-packages\django\core\handlers\base.py", line 198, in _get_response
    response = wrapped_callback(request, *callback_args, **callback_kwargs)
               ^^^^^^^^^^^^^^^^^^^^^^^^^^^^^^^^^^^^^^^^^^^^^^^^^^^^^^^^^^^^
  File "C:\Users\HomePC\Desktop\FREELANCING_AIMPROJECT\backend\venv\Lib\site-packages\django\views\decorators\csrf.py", line 65, in _view_wrapper
    return view_func(request, *args, **kwargs)
           ^^^^^^^^^^^^^^^^^^^^^^^^^^^^^^^^^^^
  File "C:\Users\HomePC\Desktop\FREELANCING_AIMPROJECT\backend\venv\Lib\site-packages\django\views\generic\base.py", line 106, in view
    return self.dispatch(request, *args, **kwargs)
           ^^^^^^^^^^^^^^^^^^^^^^^^^^^^^^^^^^^^^^^
  File "C:\Users\HomePC\Desktop\FREELANCING_AIMPROJECT\backend\venv\Lib\site-packages\rest_framework\views.py", line 515, in dispatch
    response = self.handle_exception(exc)
               ^^^^^^^^^^^^^^^^^^^^^^^^^^
  File "C:\Users\HomePC\Desktop\FREELANCING_AIMPROJECT\backend\venv\Lib\site-packages\rest_framework\views.py", line 475, in handle_exception
    self.raise_uncaught_exception(exc)
  File "C:\Users\HomePC\Desktop\FREELANCING_AIMPROJECT\backend\venv\Lib\site-packages\rest_framework\views.py", line 486, in raise_uncaught_exception
    raise exc
  File "C:\Users\HomePC\Desktop\FREELANCING_AIMPROJECT\backend\venv\Lib\site-packages\rest_framework\views.py", line 503, in dispatch
    self.initial(request, *args, **kwargs)
  File "C:\Users\HomePC\Desktop\FREELANCING_AIMPROJECT\backend\venv\Lib\site-packages\rest_framework\views.py", line 420, in initial
    self.perform_authentication(request)
  File "C:\Users\HomePC\Desktop\FREELANCING_AIMPROJECT\backend\venv\Lib\site-packages\rest_framework\views.py", line 330, in perform_authentication
    request.user
  File "C:\Users\HomePC\Desktop\FREELANCING_AIMPROJECT\backend\venv\Lib\site-packages\rest_framework\request.py", line 232, in user
    self._authenticate()
  File "C:\Users\HomePC\Desktop\FREELANCING_AIMPROJECT\backend\venv\Lib\site-packages\rest_framework\request.py", line 385, in _authenticate
    user_auth_tuple = authenticator.authenticate(self)
                      ^^^^^^^^^^^^^^^^^^^^^^^^^^^^^^^^
  File "C:\Users\HomePC\Desktop\FREELANCING_AIMPROJECT\backend\venv\Lib\site-packages\rest_framework_simplejwt\authentication.py", line 51, in authenticate
    return self.get_user(validated_token), validated_token
           ^^^^^^^^^^^^^^^^^^^^^^^^^^^^^^
  File "C:\Users\HomePC\Desktop\FREELANCING_AIMPROJECT\backend\venv\Lib\site-packages\rest_framework_simplejwt\authentication.py", line 130, in get_user
    user = self.user_model.objects.get(**{api_settings.USER_ID_FIELD: user_id})
           ^^^^^^^^^^^^^^^^^^^^^^^^^^^^^^^^^^^^^^^^^^^^^^^^^^^^^^^^^^^^^^^^^^^^
  File "C:\Users\HomePC\Desktop\FREELANCING_AIMPROJECT\backend\venv\Lib\site-packages\django\db\models\manager.py", line 87, in manager_method
    return getattr(self.get_queryset(), name)(*args, **kwargs)
           ^^^^^^^^^^^^^^^^^^^^^^^^^^^^^^^^^^^^^^^^^^^^^^^^^^^
  File "C:\Users\HomePC\Desktop\FREELANCING_AIMPROJECT\backend\venv\Lib\site-packages\django\db\models\query.py", line 635, in get
    num = len(clone)
          ^^^^^^^^^^
  File "C:\Users\HomePC\Desktop\FREELANCING_AIMPROJECT\backend\venv\Lib\site-packages\django\db\models\query.py", line 372, in __len__
    self._fetch_all()
  File "C:\Users\HomePC\Desktop\FREELANCING_AIMPROJECT\backend\venv\Lib\site-packages\django\db\models\query.py", line 2000, in _fetch_all
    self._result_cache = list(self._iterable_class(self))
                         ^^^^^^^^^^^^^^^^^^^^^^^^^^^^^^^^
  File "C:\Users\HomePC\Desktop\FREELANCING_AIMPROJECT\backend\venv\Lib\site-packages\django\db\models\query.py", line 95, in __iter__
    results = compiler.execute_sql(
              ^^^^^^^^^^^^^^^^^^^^^
  File "C:\Users\HomePC\Desktop\FREELANCING_AIMPROJECT\backend\venv\Lib\site-packages\django\db\models\sql\compiler.py", line 1624, in execute_sql
    cursor.execute(sql, params)
  File "C:\Users\HomePC\Desktop\FREELANCING_AIMPROJECT\backend\venv\Lib\site-packages\django\db\backends\utils.py", line 122, in execute
    return super().execute(sql, params)
           ^^^^^^^^^^^^^^^^^^^^^^^^^^^^
  File "C:\Users\HomePC\Desktop\FREELANCING_AIMPROJECT\backend\venv\Lib\site-packages\django\db\backends\utils.py", line 79, in execute
    return self._execute_with_wrappers(
           ^^^^^^^^^^^^^^^^^^^^^^^^^^^^
  File "C:\Users\HomePC\Desktop\FREELANCING_AIMPROJECT\backend\venv\Lib\site-packages\django\db\backends\utils.py", line 92, in _execute_with_wrappers
    return executor(sql, params, many, context)
           ^^^^^^^^^^^^^^^^^^^^^^^^^^^^^^^^^^^^
  File "C:\Users\HomePC\Desktop\FREELANCING_AIMPROJECT\backend\venv\Lib\site-packages\django\db\backends\utils.py", line 100, in _execute
    with self.db.wrap_database_errors:
  File "C:\Users\HomePC\Desktop\FREELANCING_AIMPROJECT\backend\venv\Lib\site-packages\django\db\utils.py", line 94, in __exit__
    raise dj_exc_value.with_traceback(traceback) from exc_value
  File "C:\Users\HomePC\Desktop\FREELANCING_AIMPROJECT\backend\venv\Lib\site-packages\django\db\backends\utils.py", line 105, in _execute
    return self.cursor.execute(sql, params)
           ^^^^^^^^^^^^^^^^^^^^^^^^^^^^^^^^
  File "C:\Users\HomePC\Desktop\FREELANCING_AIMPROJECT\backend\venv\Lib\site-packages\django\db\backends\sqlite3\base.py", line 359, in execute
    return super().execute(query, params)
           ^^^^^^^^^^^^^^^^^^^^^^^^^^^^^^
django.db.utils.OperationalError: no such column: authentication_user.termination_reason
ERROR 2026-04-07 10:50:03,408 log Internal Server Error: /api/listings/
Traceback (most recent call last):
  File "C:\Users\HomePC\Desktop\FREELANCING_AIMPROJECT\backend\venv\Lib\site-packages\django\db\backends\utils.py", line 105, in _execute
    return self.cursor.execute(sql, params)
           ^^^^^^^^^^^^^^^^^^^^^^^^^^^^^^^^
  File "C:\Users\HomePC\Desktop\FREELANCING_AIMPROJECT\backend\venv\Lib\site-packages\django\db\backends\sqlite3\base.py", line 359, in execute
    return super().execute(query, params)
           ^^^^^^^^^^^^^^^^^^^^^^^^^^^^^^
sqlite3.OperationalError: no such column: authentication_user.termination_reason

The above exception was the direct cause of the following exception:

Traceback (most recent call last):
  File "C:\Users\HomePC\Desktop\FREELANCING_AIMPROJECT\backend\venv\Lib\site-packages\django\core\handlers\exception.py", line 55, in inner
    response = get_response(request)
               ^^^^^^^^^^^^^^^^^^^^^
  File "C:\Users\HomePC\Desktop\FREELANCING_AIMPROJECT\backend\venv\Lib\site-packages\django\core\handlers\base.py", line 198, in _get_response
    response = wrapped_callback(request, *callback_args, **callback_kwargs)
               ^^^^^^^^^^^^^^^^^^^^^^^^^^^^^^^^^^^^^^^^^^^^^^^^^^^^^^^^^^^^
  File "C:\Users\HomePC\Desktop\FREELANCING_AIMPROJECT\backend\venv\Lib\site-packages\django\views\decorators\csrf.py", line 65, in _view_wrapper
    return view_func(request, *args, **kwargs)
           ^^^^^^^^^^^^^^^^^^^^^^^^^^^^^^^^^^^
  File "C:\Users\HomePC\Desktop\FREELANCING_AIMPROJECT\backend\venv\Lib\site-packages\django\views\generic\base.py", line 106, in view
    return self.dispatch(request, *args, **kwargs)
           ^^^^^^^^^^^^^^^^^^^^^^^^^^^^^^^^^^^^^^^
  File "C:\Users\HomePC\Desktop\FREELANCING_AIMPROJECT\backend\venv\Lib\site-packages\rest_framework\views.py", line 515, in dispatch
    response = self.handle_exception(exc)
               ^^^^^^^^^^^^^^^^^^^^^^^^^^
  File "C:\Users\HomePC\Desktop\FREELANCING_AIMPROJECT\backend\venv\Lib\site-packages\rest_framework\views.py", line 475, in handle_exception
    self.raise_uncaught_exception(exc)
  File "C:\Users\HomePC\Desktop\FREELANCING_AIMPROJECT\backend\venv\Lib\site-packages\rest_framework\views.py", line 486, in raise_uncaught_exception
    raise exc
  File "C:\Users\HomePC\Desktop\FREELANCING_AIMPROJECT\backend\venv\Lib\site-packages\rest_framework\views.py", line 503, in dispatch
    self.initial(request, *args, **kwargs)
  File "C:\Users\HomePC\Desktop\FREELANCING_AIMPROJECT\backend\venv\Lib\site-packages\rest_framework\views.py", line 420, in initial
    self.perform_authentication(request)
  File "C:\Users\HomePC\Desktop\FREELANCING_AIMPROJECT\backend\venv\Lib\site-packages\rest_framework\views.py", line 330, in perform_authentication
    request.user
  File "C:\Users\HomePC\Desktop\FREELANCING_AIMPROJECT\backend\venv\Lib\site-packages\rest_framework\request.py", line 232, in user
    self._authenticate()
  File "C:\Users\HomePC\Desktop\FREELANCING_AIMPROJECT\backend\venv\Lib\site-packages\rest_framework\request.py", line 385, in _authenticate
    user_auth_tuple = authenticator.authenticate(self)
                      ^^^^^^^^^^^^^^^^^^^^^^^^^^^^^^^^
  File "C:\Users\HomePC\Desktop\FREELANCING_AIMPROJECT\backend\venv\Lib\site-packages\rest_framework_simplejwt\authentication.py", line 51, in authenticate
    return self.get_user(validated_token), validated_token
           ^^^^^^^^^^^^^^^^^^^^^^^^^^^^^^
  File "C:\Users\HomePC\Desktop\FREELANCING_AIMPROJECT\backend\venv\Lib\site-packages\rest_framework_simplejwt\authentication.py", line 130, in get_user
    user = self.user_model.objects.get(**{api_settings.USER_ID_FIELD: user_id})
           ^^^^^^^^^^^^^^^^^^^^^^^^^^^^^^^^^^^^^^^^^^^^^^^^^^^^^^^^^^^^^^^^^^^^
  File "C:\Users\HomePC\Desktop\FREELANCING_AIMPROJECT\backend\venv\Lib\site-packages\django\db\models\manager.py", line 87, in manager_method
    return getattr(self.get_queryset(), name)(*args, **kwargs)
           ^^^^^^^^^^^^^^^^^^^^^^^^^^^^^^^^^^^^^^^^^^^^^^^^^^^
  File "C:\Users\HomePC\Desktop\FREELANCING_AIMPROJECT\backend\venv\Lib\site-packages\django\db\models\query.py", line 635, in get
    num = len(clone)
          ^^^^^^^^^^
  File "C:\Users\HomePC\Desktop\FREELANCING_AIMPROJECT\backend\venv\Lib\site-packages\django\db\models\query.py", line 372, in __len__
    self._fetch_all()
  File "C:\Users\HomePC\Desktop\FREELANCING_AIMPROJECT\backend\venv\Lib\site-packages\django\db\models\query.py", line 2000, in _fetch_all
    self._result_cache = list(self._iterable_class(self))
                         ^^^^^^^^^^^^^^^^^^^^^^^^^^^^^^^^
  File "C:\Users\HomePC\Desktop\FREELANCING_AIMPROJECT\backend\venv\Lib\site-packages\django\db\models\query.py", line 95, in __iter__
    results = compiler.execute_sql(
              ^^^^^^^^^^^^^^^^^^^^^
  File "C:\Users\HomePC\Desktop\FREELANCING_AIMPROJECT\backend\venv\Lib\site-packages\django\db\models\sql\compiler.py", line 1624, in execute_sql
    cursor.execute(sql, params)
  File "C:\Users\HomePC\Desktop\FREELANCING_AIMPROJECT\backend\venv\Lib\site-packages\django\db\backends\utils.py", line 122, in execute
    return super().execute(sql, params)
           ^^^^^^^^^^^^^^^^^^^^^^^^^^^^
  File "C:\Users\HomePC\Desktop\FREELANCING_AIMPROJECT\backend\venv\Lib\site-packages\django\db\backends\utils.py", line 79, in execute
    return self._execute_with_wrappers(
           ^^^^^^^^^^^^^^^^^^^^^^^^^^^^
  File "C:\Users\HomePC\Desktop\FREELANCING_AIMPROJECT\backend\venv\Lib\site-packages\django\db\backends\utils.py", line 92, in _execute_with_wrappers
    return executor(sql, params, many, context)
           ^^^^^^^^^^^^^^^^^^^^^^^^^^^^^^^^^^^^
  File "C:\Users\HomePC\Desktop\FREELANCING_AIMPROJECT\backend\venv\Lib\site-packages\django\db\backends\utils.py", line 100, in _execute
    with self.db.wrap_database_errors:
  File "C:\Users\HomePC\Desktop\FREELANCING_AIMPROJECT\backend\venv\Lib\site-packages\django\db\utils.py", line 94, in __exit__
    raise dj_exc_value.with_traceback(traceback) from exc_value
  File "C:\Users\HomePC\Desktop\FREELANCING_AIMPROJECT\backend\venv\Lib\site-packages\django\db\backends\utils.py", line 105, in _execute
    return self.cursor.execute(sql, params)
           ^^^^^^^^^^^^^^^^^^^^^^^^^^^^^^^^
  File "C:\Users\HomePC\Desktop\FREELANCING_AIMPROJECT\backend\venv\Lib\site-packages\django\db\backends\sqlite3\base.py", line 359, in execute
    return super().execute(query, params)
           ^^^^^^^^^^^^^^^^^^^^^^^^^^^^^^
django.db.utils.OperationalError: no such column: authentication_user.termination_reason
ERROR 2026-04-07 10:50:03,408 log "GET /api/auth/admin/logs/escrow/ HTTP/1.1" 500 27189
ERROR 2026-04-07 10:50:03,429 log "GET /api/transactions/?page_size=200 HTTP/1.1" 500 27182
ERROR 2026-04-07 10:50:03,459 log "GET /api/listings/?page_size=200 HTTP/1.1" 500 27164
ERROR 2026-04-07 10:50:03,557 log Internal Server Error: /api/v1/verification/demos/
Traceback (most recent call last):
  File "C:\Users\HomePC\Desktop\FREELANCING_AIMPROJECT\backend\venv\Lib\site-packages\django\db\backends\utils.py", line 105, in _execute
    return self.cursor.execute(sql, params)
           ^^^^^^^^^^^^^^^^^^^^^^^^^^^^^^^^
  File "C:\Users\HomePC\Desktop\FREELANCING_AIMPROJECT\backend\venv\Lib\site-packages\django\db\backends\sqlite3\base.py", line 359, in execute
    return super().execute(query, params)
           ^^^^^^^^^^^^^^^^^^^^^^^^^^^^^^
sqlite3.OperationalError: no such column: authentication_user.termination_reason

The above exception was the direct cause of the following exception:

Traceback (most recent call last):
  File "C:\Users\HomePC\Desktop\FREELANCING_AIMPROJECT\backend\venv\Lib\site-packages\django\core\handlers\exception.py", line 55, in inner
    response = get_response(request)
               ^^^^^^^^^^^^^^^^^^^^^
  File "C:\Users\HomePC\Desktop\FREELANCING_AIMPROJECT\backend\venv\Lib\site-packages\django\core\handlers\base.py", line 198, in _get_response
    response = wrapped_callback(request, *callback_args, **callback_kwargs)
               ^^^^^^^^^^^^^^^^^^^^^^^^^^^^^^^^^^^^^^^^^^^^^^^^^^^^^^^^^^^^
  File "C:\Users\HomePC\Desktop\FREELANCING_AIMPROJECT\backend\venv\Lib\site-packages\django\views\decorators\csrf.py", line 65, in _view_wrapper
    return view_func(request, *args, **kwargs)
           ^^^^^^^^^^^^^^^^^^^^^^^^^^^^^^^^^^^
  File "C:\Users\HomePC\Desktop\FREELANCING_AIMPROJECT\backend\venv\Lib\site-packages\rest_framework\viewsets.py", line 125, in view
    return self.dispatch(request, *args, **kwargs)
           ^^^^^^^^^^^^^^^^^^^^^^^^^^^^^^^^^^^^^^^
  File "C:\Users\HomePC\Desktop\FREELANCING_AIMPROJECT\backend\venv\Lib\site-packages\rest_framework\views.py", line 515, in dispatch
    response = self.handle_exception(exc)
               ^^^^^^^^^^^^^^^^^^^^^^^^^^
  File "C:\Users\HomePC\Desktop\FREELANCING_AIMPROJECT\backend\venv\Lib\site-packages\rest_framework\views.py", line 475, in handle_exception
    self.raise_uncaught_exception(exc)
  File "C:\Users\HomePC\Desktop\FREELANCING_AIMPROJECT\backend\venv\Lib\site-packages\rest_framework\views.py", line 486, in raise_uncaught_exception
    raise exc
  File "C:\Users\HomePC\Desktop\FREELANCING_AIMPROJECT\backend\venv\Lib\site-packages\rest_framework\views.py", line 503, in dispatch
    self.initial(request, *args, **kwargs)
  File "C:\Users\HomePC\Desktop\FREELANCING_AIMPROJECT\backend\venv\Lib\site-packages\rest_framework\views.py", line 420, in initial
    self.perform_authentication(request)
  File "C:\Users\HomePC\Desktop\FREELANCING_AIMPROJECT\backend\venv\Lib\site-packages\rest_framework\views.py", line 330, in perform_authentication
    request.user
  File "C:\Users\HomePC\Desktop\FREELANCING_AIMPROJECT\backend\venv\Lib\site-packages\rest_framework\request.py", line 232, in user
    self._authenticate()
  File "C:\Users\HomePC\Desktop\FREELANCING_AIMPROJECT\backend\venv\Lib\site-packages\rest_framework\request.py", line 385, in _authenticate
    user_auth_tuple = authenticator.authenticate(self)
                      ^^^^^^^^^^^^^^^^^^^^^^^^^^^^^^^^
  File "C:\Users\HomePC\Desktop\FREELANCING_AIMPROJECT\backend\venv\Lib\site-packages\rest_framework_simplejwt\authentication.py", line 51, in authenticate
    return self.get_user(validated_token), validated_token
           ^^^^^^^^^^^^^^^^^^^^^^^^^^^^^^
  File "C:\Users\HomePC\Desktop\FREELANCING_AIMPROJECT\backend\venv\Lib\site-packages\rest_framework_simplejwt\authentication.py", line 130, in get_user
    user = self.user_model.objects.get(**{api_settings.USER_ID_FIELD: user_id})
           ^^^^^^^^^^^^^^^^^^^^^^^^^^^^^^^^^^^^^^^^^^^^^^^^^^^^^^^^^^^^^^^^^^^^
  File "C:\Users\HomePC\Desktop\FREELANCING_AIMPROJECT\backend\venv\Lib\site-packages\django\db\models\manager.py", line 87, in manager_method
    return getattr(self.get_queryset(), name)(*args, **kwargs)
           ^^^^^^^^^^^^^^^^^^^^^^^^^^^^^^^^^^^^^^^^^^^^^^^^^^^
  File "C:\Users\HomePC\Desktop\FREELANCING_AIMPROJECT\backend\venv\Lib\site-packages\django\db\models\query.py", line 635, in get
    num = len(clone)
          ^^^^^^^^^^
  File "C:\Users\HomePC\Desktop\FREELANCING_AIMPROJECT\backend\venv\Lib\site-packages\django\db\models\query.py", line 372, in __len__
    self._fetch_all()
  File "C:\Users\HomePC\Desktop\FREELANCING_AIMPROJECT\backend\venv\Lib\site-packages\django\db\models\query.py", line 2000, in _fetch_all
    self._result_cache = list(self._iterable_class(self))
                         ^^^^^^^^^^^^^^^^^^^^^^^^^^^^^^^^
  File "C:\Users\HomePC\Desktop\FREELANCING_AIMPROJECT\backend\venv\Lib\site-packages\django\db\models\query.py", line 95, in __iter__
    results = compiler.execute_sql(
              ^^^^^^^^^^^^^^^^^^^^^
  File "C:\Users\HomePC\Desktop\FREELANCING_AIMPROJECT\backend\venv\Lib\site-packages\django\db\models\sql\compiler.py", line 1624, in execute_sql
    cursor.execute(sql, params)
  File "C:\Users\HomePC\Desktop\FREELANCING_AIMPROJECT\backend\venv\Lib\site-packages\django\db\backends\utils.py", line 122, in execute
    return super().execute(sql, params)
           ^^^^^^^^^^^^^^^^^^^^^^^^^^^^
  File "C:\Users\HomePC\Desktop\FREELANCING_AIMPROJECT\backend\venv\Lib\site-packages\django\db\backends\utils.py", line 79, in execute
    return self._execute_with_wrappers(
           ^^^^^^^^^^^^^^^^^^^^^^^^^^^^
  File "C:\Users\HomePC\Desktop\FREELANCING_AIMPROJECT\backend\venv\Lib\site-packages\django\db\backends\utils.py", line 92, in _execute_with_wrappers
    return executor(sql, params, many, context)
           ^^^^^^^^^^^^^^^^^^^^^^^^^^^^^^^^^^^^
  File "C:\Users\HomePC\Desktop\FREELANCING_AIMPROJECT\backend\venv\Lib\site-packages\django\db\backends\utils.py", line 100, in _execute
    with self.db.wrap_database_errors:
  File "C:\Users\HomePC\Desktop\FREELANCING_AIMPROJECT\backend\venv\Lib\site-packages\django\db\utils.py", line 94, in __exit__
    raise dj_exc_value.with_traceback(traceback) from exc_value
  File "C:\Users\HomePC\Desktop\FREELANCING_AIMPROJECT\backend\venv\Lib\site-packages\django\db\backends\utils.py", line 105, in _execute
    return self.cursor.execute(sql, params)
           ^^^^^^^^^^^^^^^^^^^^^^^^^^^^^^^^
  File "C:\Users\HomePC\Desktop\FREELANCING_AIMPROJECT\backend\venv\Lib\site-packages\django\db\backends\sqlite3\base.py", line 359, in execute
    return super().execute(query, params)
           ^^^^^^^^^^^^^^^^^^^^^^^^^^^^^^
django.db.utils.OperationalError: no such column: authentication_user.termination_reason
ERROR 2026-04-07 10:50:03,600 log "GET /api/v1/verification/demos/ HTTP/1.1" 500 27182
ERROR 2026-04-07 10:50:03,672 log Internal Server Error: /api/transactions/disputes/
Traceback (most recent call last):
  File "C:\Users\HomePC\Desktop\FREELANCING_AIMPROJECT\backend\venv\Lib\site-packages\django\db\backends\utils.py", line 105, in _execute
    return self.cursor.execute(sql, params)
           ^^^^^^^^^^^^^^^^^^^^^^^^^^^^^^^^
  File "C:\Users\HomePC\Desktop\FREELANCING_AIMPROJECT\backend\venv\Lib\site-packages\django\db\backends\sqlite3\base.py", line 359, in execute
    return super().execute(query, params)
           ^^^^^^^^^^^^^^^^^^^^^^^^^^^^^^
sqlite3.OperationalError: no such column: authentication_user.termination_reason

The above exception was the direct cause of the following exception:

Traceback (most recent call last):
  File "C:\Users\HomePC\Desktop\FREELANCING_AIMPROJECT\backend\venv\Lib\site-packages\django\core\handlers\exception.py", line 55, in inner
    response = get_response(request)
               ^^^^^^^^^^^^^^^^^^^^^
  File "C:\Users\HomePC\Desktop\FREELANCING_AIMPROJECT\backend\venv\Lib\site-packages\django\core\handlers\base.py", line 198, in _get_response
    response = wrapped_callback(request, *callback_args, **callback_kwargs)
               ^^^^^^^^^^^^^^^^^^^^^^^^^^^^^^^^^^^^^^^^^^^^^^^^^^^^^^^^^^^^
  File "C:\Users\HomePC\Desktop\FREELANCING_AIMPROJECT\backend\venv\Lib\site-packages\django\views\decorators\csrf.py", line 65, in _view_wrapper
    return view_func(request, *args, **kwargs)
           ^^^^^^^^^^^^^^^^^^^^^^^^^^^^^^^^^^^
  File "C:\Users\HomePC\Desktop\FREELANCING_AIMPROJECT\backend\venv\Lib\site-packages\django\views\generic\base.py", line 106, in view
    return self.dispatch(request, *args, **kwargs)
           ^^^^^^^^^^^^^^^^^^^^^^^^^^^^^^^^^^^^^^^
  File "C:\Users\HomePC\Desktop\FREELANCING_AIMPROJECT\backend\venv\Lib\site-packages\rest_framework\views.py", line 515, in dispatch
    response = self.handle_exception(exc)
               ^^^^^^^^^^^^^^^^^^^^^^^^^^
  File "C:\Users\HomePC\Desktop\FREELANCING_AIMPROJECT\backend\venv\Lib\site-packages\rest_framework\views.py", line 475, in handle_exception
    self.raise_uncaught_exception(exc)
  File "C:\Users\HomePC\Desktop\FREELANCING_AIMPROJECT\backend\venv\Lib\site-packages\rest_framework\views.py", line 486, in raise_uncaught_exception
    raise exc
  File "C:\Users\HomePC\Desktop\FREELANCING_AIMPROJECT\backend\venv\Lib\site-packages\rest_framework\views.py", line 503, in dispatch
    self.initial(request, *args, **kwargs)
  File "C:\Users\HomePC\Desktop\FREELANCING_AIMPROJECT\backend\venv\Lib\site-packages\rest_framework\views.py", line 420, in initial
    self.perform_authentication(request)
  File "C:\Users\HomePC\Desktop\FREELANCING_AIMPROJECT\backend\venv\Lib\site-packages\rest_framework\views.py", line 330, in perform_authentication
    request.user
  File "C:\Users\HomePC\Desktop\FREELANCING_AIMPROJECT\backend\venv\Lib\site-packages\rest_framework\request.py", line 232, in user
    self._authenticate()
  File "C:\Users\HomePC\Desktop\FREELANCING_AIMPROJECT\backend\venv\Lib\site-packages\rest_framework\request.py", line 385, in _authenticate
    user_auth_tuple = authenticator.authenticate(self)
                      ^^^^^^^^^^^^^^^^^^^^^^^^^^^^^^^^
  File "C:\Users\HomePC\Desktop\FREELANCING_AIMPROJECT\backend\venv\Lib\site-packages\rest_framework_simplejwt\authentication.py", line 51, in authenticate
    return self.get_user(validated_token), validated_token
           ^^^^^^^^^^^^^^^^^^^^^^^^^^^^^^
  File "C:\Users\HomePC\Desktop\FREELANCING_AIMPROJECT\backend\venv\Lib\site-packages\rest_framework_simplejwt\authentication.py", line 130, in get_user
    user = self.user_model.objects.get(**{api_settings.USER_ID_FIELD: user_id})
           ^^^^^^^^^^^^^^^^^^^^^^^^^^^^^^^^^^^^^^^^^^^^^^^^^^^^^^^^^^^^^^^^^^^^
  File "C:\Users\HomePC\Desktop\FREELANCING_AIMPROJECT\backend\venv\Lib\site-packages\django\db\models\manager.py", line 87, in manager_method
    return getattr(self.get_queryset(), name)(*args, **kwargs)
           ^^^^^^^^^^^^^^^^^^^^^^^^^^^^^^^^^^^^^^^^^^^^^^^^^^^
  File "C:\Users\HomePC\Desktop\FREELANCING_AIMPROJECT\backend\venv\Lib\site-packages\django\db\models\query.py", line 635, in get
    num = len(clone)
          ^^^^^^^^^^
  File "C:\Users\HomePC\Desktop\FREELANCING_AIMPROJECT\backend\venv\Lib\site-packages\django\db\models\query.py", line 372, in __len__
    self._fetch_all()
  File "C:\Users\HomePC\Desktop\FREELANCING_AIMPROJECT\backend\venv\Lib\site-packages\django\db\models\query.py", line 2000, in _fetch_all
    self._result_cache = list(self._iterable_class(self))
                         ^^^^^^^^^^^^^^^^^^^^^^^^^^^^^^^^
  File "C:\Users\HomePC\Desktop\FREELANCING_AIMPROJECT\backend\venv\Lib\site-packages\django\db\models\query.py", line 95, in __iter__
    results = compiler.execute_sql(
              ^^^^^^^^^^^^^^^^^^^^^
  File "C:\Users\HomePC\Desktop\FREELANCING_AIMPROJECT\backend\venv\Lib\site-packages\django\db\models\sql\compiler.py", line 1624, in execute_sql
    cursor.execute(sql, params)
  File "C:\Users\HomePC\Desktop\FREELANCING_AIMPROJECT\backend\venv\Lib\site-packages\django\db\backends\utils.py", line 122, in execute
    return super().execute(sql, params)
           ^^^^^^^^^^^^^^^^^^^^^^^^^^^^
  File "C:\Users\HomePC\Desktop\FREELANCING_AIMPROJECT\backend\venv\Lib\site-packages\django\db\backends\utils.py", line 79, in execute
    return self._execute_with_wrappers(
           ^^^^^^^^^^^^^^^^^^^^^^^^^^^^
  File "C:\Users\HomePC\Desktop\FREELANCING_AIMPROJECT\backend\venv\Lib\site-packages\django\db\backends\utils.py", line 92, in _execute_with_wrappers
    return executor(sql, params, many, context)
           ^^^^^^^^^^^^^^^^^^^^^^^^^^^^^^^^^^^^
  File "C:\Users\HomePC\Desktop\FREELANCING_AIMPROJECT\backend\venv\Lib\site-packages\django\db\backends\utils.py", line 100, in _execute
    with self.db.wrap_database_errors:
  File "C:\Users\HomePC\Desktop\FREELANCING_AIMPROJECT\backend\venv\Lib\site-packages\django\db\utils.py", line 94, in __exit__
    raise dj_exc_value.with_traceback(traceback) from exc_value
  File "C:\Users\HomePC\Desktop\FREELANCING_AIMPROJECT\backend\venv\Lib\site-packages\django\db\backends\utils.py", line 105, in _execute
    return self.cursor.execute(sql, params)
           ^^^^^^^^^^^^^^^^^^^^^^^^^^^^^^^^
  File "C:\Users\HomePC\Desktop\FREELANCING_AIMPROJECT\backend\venv\Lib\site-packages\django\db\backends\sqlite3\base.py", line 359, in execute
    return super().execute(query, params)
           ^^^^^^^^^^^^^^^^^^^^^^^^^^^^^^
django.db.utils.OperationalError: no such column: authentication_user.termination_reason
ERROR 2026-04-07 10:50:03,711 log "GET /api/transactions/disputes/ HTTP/1.1" 500 27181
ERROR 2026-04-07 10:50:03,795 log Internal Server Error: /api/auth/admin/users/
Traceback (most recent call last):
  File "C:\Users\HomePC\Desktop\FREELANCING_AIMPROJECT\backend\venv\Lib\site-packages\django\db\backends\utils.py", line 105, in _execute
    return self.cursor.execute(sql, params)
           ^^^^^^^^^^^^^^^^^^^^^^^^^^^^^^^^
  File "C:\Users\HomePC\Desktop\FREELANCING_AIMPROJECT\backend\venv\Lib\site-packages\django\db\backends\sqlite3\base.py", line 359, in execute
    return super().execute(query, params)
           ^^^^^^^^^^^^^^^^^^^^^^^^^^^^^^
sqlite3.OperationalError: no such column: authentication_user.termination_reason

The above exception was the direct cause of the following exception:

Traceback (most recent call last):
  File "C:\Users\HomePC\Desktop\FREELANCING_AIMPROJECT\backend\venv\Lib\site-packages\django\core\handlers\exception.py", line 55, in inner
    response = get_response(request)
               ^^^^^^^^^^^^^^^^^^^^^
  File "C:\Users\HomePC\Desktop\FREELANCING_AIMPROJECT\backend\venv\Lib\site-packages\django\core\handlers\base.py", line 198, in _get_response
    response = wrapped_callback(request, *callback_args, **callback_kwargs)
               ^^^^^^^^^^^^^^^^^^^^^^^^^^^^^^^^^^^^^^^^^^^^^^^^^^^^^^^^^^^^
  File "C:\Users\HomePC\Desktop\FREELANCING_AIMPROJECT\backend\venv\Lib\site-packages\django\views\decorators\csrf.py", line 65, in _view_wrapper
    return view_func(request, *args, **kwargs)
           ^^^^^^^^^^^^^^^^^^^^^^^^^^^^^^^^^^^
  File "C:\Users\HomePC\Desktop\FREELANCING_AIMPROJECT\backend\venv\Lib\site-packages\django\views\generic\base.py", line 106, in view
    return self.dispatch(request, *args, **kwargs)
           ^^^^^^^^^^^^^^^^^^^^^^^^^^^^^^^^^^^^^^^
  File "C:\Users\HomePC\Desktop\FREELANCING_AIMPROJECT\backend\venv\Lib\site-packages\rest_framework\views.py", line 515, in dispatch
    response = self.handle_exception(exc)
               ^^^^^^^^^^^^^^^^^^^^^^^^^^
  File "C:\Users\HomePC\Desktop\FREELANCING_AIMPROJECT\backend\venv\Lib\site-packages\rest_framework\views.py", line 475, in handle_exception
    self.raise_uncaught_exception(exc)
  File "C:\Users\HomePC\Desktop\FREELANCING_AIMPROJECT\backend\venv\Lib\site-packages\rest_framework\views.py", line 486, in raise_uncaught_exception
    raise exc
  File "C:\Users\HomePC\Desktop\FREELANCING_AIMPROJECT\backend\venv\Lib\site-packages\rest_framework\views.py", line 503, in dispatch
    self.initial(request, *args, **kwargs)
  File "C:\Users\HomePC\Desktop\FREELANCING_AIMPROJECT\backend\venv\Lib\site-packages\rest_framework\views.py", line 420, in initial
    self.perform_authentication(request)
  File "C:\Users\HomePC\Desktop\FREELANCING_AIMPROJECT\backend\venv\Lib\site-packages\rest_framework\views.py", line 330, in perform_authentication
    request.user
  File "C:\Users\HomePC\Desktop\FREELANCING_AIMPROJECT\backend\venv\Lib\site-packages\rest_framework\request.py", line 232, in user
    self._authenticate()
  File "C:\Users\HomePC\Desktop\FREELANCING_AIMPROJECT\backend\venv\Lib\site-packages\rest_framework\request.py", line 385, in _authenticate
    user_auth_tuple = authenticator.authenticate(self)
                      ^^^^^^^^^^^^^^^^^^^^^^^^^^^^^^^^
  File "C:\Users\HomePC\Desktop\FREELANCING_AIMPROJECT\backend\venv\Lib\site-packages\rest_framework_simplejwt\authentication.py", line 51, in authenticate
    return self.get_user(validated_token), validated_token
           ^^^^^^^^^^^^^^^^^^^^^^^^^^^^^^
  File "C:\Users\HomePC\Desktop\FREELANCING_AIMPROJECT\backend\venv\Lib\site-packages\rest_framework_simplejwt\authentication.py", line 130, in get_user
    user = self.user_model.objects.get(**{api_settings.USER_ID_FIELD: user_id})
           ^^^^^^^^^^^^^^^^^^^^^^^^^^^^^^^^^^^^^^^^^^^^^^^^^^^^^^^^^^^^^^^^^^^^
  File "C:\Users\HomePC\Desktop\FREELANCING_AIMPROJECT\backend\venv\Lib\site-packages\django\db\models\manager.py", line 87, in manager_method
    return getattr(self.get_queryset(), name)(*args, **kwargs)
           ^^^^^^^^^^^^^^^^^^^^^^^^^^^^^^^^^^^^^^^^^^^^^^^^^^^
  File "C:\Users\HomePC\Desktop\FREELANCING_AIMPROJECT\backend\venv\Lib\site-packages\django\db\models\query.py", line 635, in get
    num = len(clone)
          ^^^^^^^^^^
  File "C:\Users\HomePC\Desktop\FREELANCING_AIMPROJECT\backend\venv\Lib\site-packages\django\db\models\query.py", line 372, in __len__
    self._fetch_all()
  File "C:\Users\HomePC\Desktop\FREELANCING_AIMPROJECT\backend\venv\Lib\site-packages\django\db\models\query.py", line 2000, in _fetch_all
    self._result_cache = list(self._iterable_class(self))
                         ^^^^^^^^^^^^^^^^^^^^^^^^^^^^^^^^
  File "C:\Users\HomePC\Desktop\FREELANCING_AIMPROJECT\backend\venv\Lib\site-packages\django\db\models\query.py", line 95, in __iter__
    results = compiler.execute_sql(
              ^^^^^^^^^^^^^^^^^^^^^
  File "C:\Users\HomePC\Desktop\FREELANCING_AIMPROJECT\backend\venv\Lib\site-packages\django\db\models\sql\compiler.py", line 1624, in execute_sql
    cursor.execute(sql, params)
  File "C:\Users\HomePC\Desktop\FREELANCING_AIMPROJECT\backend\venv\Lib\site-packages\django\db\backends\utils.py", line 122, in execute
    return super().execute(sql, params)
           ^^^^^^^^^^^^^^^^^^^^^^^^^^^^
  File "C:\Users\HomePC\Desktop\FREELANCING_AIMPROJECT\backend\venv\Lib\site-packages\django\db\backends\utils.py", line 79, in execute
    return self._execute_with_wrappers(
           ^^^^^^^^^^^^^^^^^^^^^^^^^^^^
  File "C:\Users\HomePC\Desktop\FREELANCING_AIMPROJECT\backend\venv\Lib\site-packages\django\db\backends\utils.py", line 92, in _execute_with_wrappers
    return executor(sql, params, many, context)
           ^^^^^^^^^^^^^^^^^^^^^^^^^^^^^^^^^^^^
  File "C:\Users\HomePC\Desktop\FREELANCING_AIMPROJECT\backend\venv\Lib\site-packages\django\db\backends\utils.py", line 100, in _execute
    with self.db.wrap_database_errors:
  File "C:\Users\HomePC\Desktop\FREELANCING_AIMPROJECT\backend\venv\Lib\site-packages\django\db\utils.py", line 94, in __exit__
    raise dj_exc_value.with_traceback(traceback) from exc_value
  File "C:\Users\HomePC\Desktop\FREELANCING_AIMPROJECT\backend\venv\Lib\site-packages\django\db\backends\utils.py", line 105, in _execute
    return self.cursor.execute(sql, params)
           ^^^^^^^^^^^^^^^^^^^^^^^^^^^^^^^^
  File "C:\Users\HomePC\Desktop\FREELANCING_AIMPROJECT\backend\venv\Lib\site-packages\django\db\backends\sqlite3\base.py", line 359, in execute
    return super().execute(query, params)
           ^^^^^^^^^^^^^^^^^^^^^^^^^^^^^^
django.db.utils.OperationalError: no such column: authentication_user.termination_reason
ERROR 2026-04-07 10:50:03,828 log "GET /api/auth/admin/users/ HTTP/1.1" 500 27164
ERROR 2026-04-07 10:50:03,952 log Internal Server Error: /api/auth/admin/all-conversations/
Traceback (most recent call last):
  File "C:\Users\HomePC\Desktop\FREELANCING_AIMPROJECT\backend\venv\Lib\site-packages\django\db\backends\utils.py", line 105, in _execute
    return self.cursor.execute(sql, params)
           ^^^^^^^^^^^^^^^^^^^^^^^^^^^^^^^^
  File "C:\Users\HomePC\Desktop\FREELANCING_AIMPROJECT\backend\venv\Lib\site-packages\django\db\backends\sqlite3\base.py", line 359, in execute
    return super().execute(query, params)
           ^^^^^^^^^^^^^^^^^^^^^^^^^^^^^^
sqlite3.OperationalError: no such column: authentication_user.termination_reason

The above exception was the direct cause of the following exception:

Traceback (most recent call last):
  File "C:\Users\HomePC\Desktop\FREELANCING_AIMPROJECT\backend\venv\Lib\site-packages\django\core\handlers\exception.py", line 55, in inner
    response = get_response(request)
               ^^^^^^^^^^^^^^^^^^^^^
  File "C:\Users\HomePC\Desktop\FREELANCING_AIMPROJECT\backend\venv\Lib\site-packages\django\core\handlers\base.py", line 198, in _get_response
    response = wrapped_callback(request, *callback_args, **callback_kwargs)
               ^^^^^^^^^^^^^^^^^^^^^^^^^^^^^^^^^^^^^^^^^^^^^^^^^^^^^^^^^^^^
  File "C:\Users\HomePC\Desktop\FREELANCING_AIMPROJECT\backend\venv\Lib\site-packages\django\views\decorators\csrf.py", line 65, in _view_wrapper
    return view_func(request, *args, **kwargs)
           ^^^^^^^^^^^^^^^^^^^^^^^^^^^^^^^^^^^
  File "C:\Users\HomePC\Desktop\FREELANCING_AIMPROJECT\backend\venv\Lib\site-packages\django\views\generic\base.py", line 106, in view
    return self.dispatch(request, *args, **kwargs)
           ^^^^^^^^^^^^^^^^^^^^^^^^^^^^^^^^^^^^^^^
  File "C:\Users\HomePC\Desktop\FREELANCING_AIMPROJECT\backend\venv\Lib\site-packages\rest_framework\views.py", line 515, in dispatch
    response = self.handle_exception(exc)
               ^^^^^^^^^^^^^^^^^^^^^^^^^^
  File "C:\Users\HomePC\Desktop\FREELANCING_AIMPROJECT\backend\venv\Lib\site-packages\rest_framework\views.py", line 475, in handle_exception
    self.raise_uncaught_exception(exc)
  File "C:\Users\HomePC\Desktop\FREELANCING_AIMPROJECT\backend\venv\Lib\site-packages\rest_framework\views.py", line 486, in raise_uncaught_exception
    raise exc
  File "C:\Users\HomePC\Desktop\FREELANCING_AIMPROJECT\backend\venv\Lib\site-packages\rest_framework\views.py", line 503, in dispatch
    self.initial(request, *args, **kwargs)
  File "C:\Users\HomePC\Desktop\FREELANCING_AIMPROJECT\backend\venv\Lib\site-packages\rest_framework\views.py", line 420, in initial
    self.perform_authentication(request)
  File "C:\Users\HomePC\Desktop\FREELANCING_AIMPROJECT\backend\venv\Lib\site-packages\rest_framework\views.py", line 330, in perform_authentication
    request.user
  File "C:\Users\HomePC\Desktop\FREELANCING_AIMPROJECT\backend\venv\Lib\site-packages\rest_framework\request.py", line 232, in user
    self._authenticate()
  File "C:\Users\HomePC\Desktop\FREELANCING_AIMPROJECT\backend\venv\Lib\site-packages\rest_framework\request.py", line 385, in _authenticate
    user_auth_tuple = authenticator.authenticate(self)
                      ^^^^^^^^^^^^^^^^^^^^^^^^^^^^^^^^
  File "C:\Users\HomePC\Desktop\FREELANCING_AIMPROJECT\backend\venv\Lib\site-packages\rest_framework_simplejwt\authentication.py", line 51, in authenticate
    return self.get_user(validated_token), validated_token
           ^^^^^^^^^^^^^^^^^^^^^^^^^^^^^^
  File "C:\Users\HomePC\Desktop\FREELANCING_AIMPROJECT\backend\venv\Lib\site-packages\rest_framework_simplejwt\authentication.py", line 130, in get_user
    user = self.user_model.objects.get(**{api_settings.USER_ID_FIELD: user_id})
           ^^^^^^^^^^^^^^^^^^^^^^^^^^^^^^^^^^^^^^^^^^^^^^^^^^^^^^^^^^^^^^^^^^^^
  File "C:\Users\HomePC\Desktop\FREELANCING_AIMPROJECT\backend\venv\Lib\site-packages\django\db\models\manager.py", line 87, in manager_method
    return getattr(self.get_queryset(), name)(*args, **kwargs)
           ^^^^^^^^^^^^^^^^^^^^^^^^^^^^^^^^^^^^^^^^^^^^^^^^^^^
  File "C:\Users\HomePC\Desktop\FREELANCING_AIMPROJECT\backend\venv\Lib\site-packages\django\db\models\query.py", line 635, in get
    num = len(clone)
          ^^^^^^^^^^
  File "C:\Users\HomePC\Desktop\FREELANCING_AIMPROJECT\backend\venv\Lib\site-packages\django\db\models\query.py", line 372, in __len__
    self._fetch_all()
  File "C:\Users\HomePC\Desktop\FREELANCING_AIMPROJECT\backend\venv\Lib\site-packages\django\db\models\query.py", line 2000, in _fetch_all
    self._result_cache = list(self._iterable_class(self))
                         ^^^^^^^^^^^^^^^^^^^^^^^^^^^^^^^^
  File "C:\Users\HomePC\Desktop\FREELANCING_AIMPROJECT\backend\venv\Lib\site-packages\django\db\models\query.py", line 95, in __iter__
    results = compiler.execute_sql(
              ^^^^^^^^^^^^^^^^^^^^^
  File "C:\Users\HomePC\Desktop\FREELANCING_AIMPROJECT\backend\venv\Lib\site-packages\django\db\models\sql\compiler.py", line 1624, in execute_sql
    cursor.execute(sql, params)
  File "C:\Users\HomePC\Desktop\FREELANCING_AIMPROJECT\backend\venv\Lib\site-packages\django\db\backends\utils.py", line 122, in execute
    return super().execute(sql, params)
           ^^^^^^^^^^^^^^^^^^^^^^^^^^^^
  File "C:\Users\HomePC\Desktop\FREELANCING_AIMPROJECT\backend\venv\Lib\site-packages\django\db\backends\utils.py", line 79, in execute
    return self._execute_with_wrappers(
           ^^^^^^^^^^^^^^^^^^^^^^^^^^^^
  File "C:\Users\HomePC\Desktop\FREELANCING_AIMPROJECT\backend\venv\Lib\site-packages\django\db\backends\utils.py", line 92, in _execute_with_wrappers
    return executor(sql, params, many, context)
           ^^^^^^^^^^^^^^^^^^^^^^^^^^^^^^^^^^^^
  File "C:\Users\HomePC\Desktop\FREELANCING_AIMPROJECT\backend\venv\Lib\site-packages\django\db\backends\utils.py", line 100, in _execute
    with self.db.wrap_database_errors:
  File "C:\Users\HomePC\Desktop\FREELANCING_AIMPROJECT\backend\venv\Lib\site-packages\django\db\utils.py", line 94, in __exit__
    raise dj_exc_value.with_traceback(traceback) from exc_value
  File "C:\Users\HomePC\Desktop\FREELANCING_AIMPROJECT\backend\venv\Lib\site-packages\django\db\backends\utils.py", line 105, in _execute
    return self.cursor.execute(sql, params)
           ^^^^^^^^^^^^^^^^^^^^^^^^^^^^^^^^
  File "C:\Users\HomePC\Desktop\FREELANCING_AIMPROJECT\backend\venv\Lib\site-packages\django\db\backends\sqlite3\base.py", line 359, in execute
    return super().execute(query, params)
           ^^^^^^^^^^^^^^^^^^^^^^^^^^^^^^
django.db.utils.OperationalError: no such column: authentication_user.termination_reason
ERROR 2026-04-07 10:50:03,959 log Internal Server Error: /api/auth/admin/logs/stakes/
Traceback (most recent call last):
  File "C:\Users\HomePC\Desktop\FREELANCING_AIMPROJECT\backend\venv\Lib\site-packages\django\db\backends\utils.py", line 105, in _execute
    return self.cursor.execute(sql, params)
           ^^^^^^^^^^^^^^^^^^^^^^^^^^^^^^^^
  File "C:\Users\HomePC\Desktop\FREELANCING_AIMPROJECT\backend\venv\Lib\site-packages\django\db\backends\sqlite3\base.py", line 359, in execute
    return super().execute(query, params)
           ^^^^^^^^^^^^^^^^^^^^^^^^^^^^^^
sqlite3.OperationalError: no such column: authentication_user.termination_reason

The above exception was the direct cause of the following exception:

Traceback (most recent call last):
  File "C:\Users\HomePC\Desktop\FREELANCING_AIMPROJECT\backend\venv\Lib\site-packages\django\core\handlers\exception.py", line 55, in inner
    response = get_response(request)
               ^^^^^^^^^^^^^^^^^^^^^
  File "C:\Users\HomePC\Desktop\FREELANCING_AIMPROJECT\backend\venv\Lib\site-packages\django\core\handlers\base.py", line 198, in _get_response
    response = wrapped_callback(request, *callback_args, **callback_kwargs)
               ^^^^^^^^^^^^^^^^^^^^^^^^^^^^^^^^^^^^^^^^^^^^^^^^^^^^^^^^^^^^
  File "C:\Users\HomePC\Desktop\FREELANCING_AIMPROJECT\backend\venv\Lib\site-packages\django\views\decorators\csrf.py", line 65, in _view_wrapper
    return view_func(request, *args, **kwargs)
           ^^^^^^^^^^^^^^^^^^^^^^^^^^^^^^^^^^^
  File "C:\Users\HomePC\Desktop\FREELANCING_AIMPROJECT\backend\venv\Lib\site-packages\django\views\generic\base.py", line 106, in view
    return self.dispatch(request, *args, **kwargs)
           ^^^^^^^^^^^^^^^^^^^^^^^^^^^^^^^^^^^^^^^
  File "C:\Users\HomePC\Desktop\FREELANCING_AIMPROJECT\backend\venv\Lib\site-packages\rest_framework\views.py", line 515, in dispatch
    response = self.handle_exception(exc)
               ^^^^^^^^^^^^^^^^^^^^^^^^^^
  File "C:\Users\HomePC\Desktop\FREELANCING_AIMPROJECT\backend\venv\Lib\site-packages\rest_framework\views.py", line 475, in handle_exception
    self.raise_uncaught_exception(exc)
  File "C:\Users\HomePC\Desktop\FREELANCING_AIMPROJECT\backend\venv\Lib\site-packages\rest_framework\views.py", line 486, in raise_uncaught_exception
    raise exc
  File "C:\Users\HomePC\Desktop\FREELANCING_AIMPROJECT\backend\venv\Lib\site-packages\rest_framework\views.py", line 503, in dispatch
    self.initial(request, *args, **kwargs)
  File "C:\Users\HomePC\Desktop\FREELANCING_AIMPROJECT\backend\venv\Lib\site-packages\rest_framework\views.py", line 420, in initial
    self.perform_authentication(request)
  File "C:\Users\HomePC\Desktop\FREELANCING_AIMPROJECT\backend\venv\Lib\site-packages\rest_framework\views.py", line 330, in perform_authentication
    request.user
  File "C:\Users\HomePC\Desktop\FREELANCING_AIMPROJECT\backend\venv\Lib\site-packages\rest_framework\request.py", line 232, in user
    self._authenticate()
  File "C:\Users\HomePC\Desktop\FREELANCING_AIMPROJECT\backend\venv\Lib\site-packages\rest_framework\request.py", line 385, in _authenticate
    user_auth_tuple = authenticator.authenticate(self)
                      ^^^^^^^^^^^^^^^^^^^^^^^^^^^^^^^^
  File "C:\Users\HomePC\Desktop\FREELANCING_AIMPROJECT\backend\venv\Lib\site-packages\rest_framework_simplejwt\authentication.py", line 51, in authenticate
    return self.get_user(validated_token), validated_token
           ^^^^^^^^^^^^^^^^^^^^^^^^^^^^^^
  File "C:\Users\HomePC\Desktop\FREELANCING_AIMPROJECT\backend\venv\Lib\site-packages\rest_framework_simplejwt\authentication.py", line 130, in get_user
    user = self.user_model.objects.get(**{api_settings.USER_ID_FIELD: user_id})
           ^^^^^^^^^^^^^^^^^^^^^^^^^^^^^^^^^^^^^^^^^^^^^^^^^^^^^^^^^^^^^^^^^^^^
  File "C:\Users\HomePC\Desktop\FREELANCING_AIMPROJECT\backend\venv\Lib\site-packages\django\db\models\manager.py", line 87, in manager_method
    return getattr(self.get_queryset(), name)(*args, **kwargs)
           ^^^^^^^^^^^^^^^^^^^^^^^^^^^^^^^^^^^^^^^^^^^^^^^^^^^
  File "C:\Users\HomePC\Desktop\FREELANCING_AIMPROJECT\backend\venv\Lib\site-packages\django\db\models\query.py", line 635, in get
    num = len(clone)
          ^^^^^^^^^^
  File "C:\Users\HomePC\Desktop\FREELANCING_AIMPROJECT\backend\venv\Lib\site-packages\django\db\models\query.py", line 372, in __len__
    self._fetch_all()
  File "C:\Users\HomePC\Desktop\FREELANCING_AIMPROJECT\backend\venv\Lib\site-packages\django\db\models\query.py", line 2000, in _fetch_all
    self._result_cache = list(self._iterable_class(self))
                         ^^^^^^^^^^^^^^^^^^^^^^^^^^^^^^^^
  File "C:\Users\HomePC\Desktop\FREELANCING_AIMPROJECT\backend\venv\Lib\site-packages\django\db\models\query.py", line 95, in __iter__
    results = compiler.execute_sql(
              ^^^^^^^^^^^^^^^^^^^^^
  File "C:\Users\HomePC\Desktop\FREELANCING_AIMPROJECT\backend\venv\Lib\site-packages\django\db\models\sql\compiler.py", line 1624, in execute_sql
    cursor.execute(sql, params)
  File "C:\Users\HomePC\Desktop\FREELANCING_AIMPROJECT\backend\venv\Lib\site-packages\django\db\backends\utils.py", line 122, in execute
    return super().execute(sql, params)
           ^^^^^^^^^^^^^^^^^^^^^^^^^^^^
  File "C:\Users\HomePC\Desktop\FREELANCING_AIMPROJECT\backend\venv\Lib\site-packages\django\db\backends\utils.py", line 79, in execute
    return self._execute_with_wrappers(
           ^^^^^^^^^^^^^^^^^^^^^^^^^^^^
  File "C:\Users\HomePC\Desktop\FREELANCING_AIMPROJECT\backend\venv\Lib\site-packages\django\db\backends\utils.py", line 92, in _execute_with_wrappers
    return executor(sql, params, many, context)
           ^^^^^^^^^^^^^^^^^^^^^^^^^^^^^^^^^^^^
  File "C:\Users\HomePC\Desktop\FREELANCING_AIMPROJECT\backend\venv\Lib\site-packages\django\db\backends\utils.py", line 100, in _execute
    with self.db.wrap_database_errors:
  File "C:\Users\HomePC\Desktop\FREELANCING_AIMPROJECT\backend\venv\Lib\site-packages\django\db\utils.py", line 94, in __exit__
    raise dj_exc_value.with_traceback(traceback) from exc_value
  File "C:\Users\HomePC\Desktop\FREELANCING_AIMPROJECT\backend\venv\Lib\site-packages\django\db\backends\utils.py", line 105, in _execute
    return self.cursor.execute(sql, params)
           ^^^^^^^^^^^^^^^^^^^^^^^^^^^^^^^^
  File "C:\Users\HomePC\Desktop\FREELANCING_AIMPROJECT\backend\venv\Lib\site-packages\django\db\backends\sqlite3\base.py", line 359, in execute
    return super().execute(query, params)
           ^^^^^^^^^^^^^^^^^^^^^^^^^^^^^^
django.db.utils.OperationalError: no such column: authentication_user.termination_reason
ERROR 2026-04-07 10:50:04,020 log "GET /api/auth/admin/logs/stakes/ HTTP/1.1" 500 27188
ERROR 2026-04-07 10:50:04,009 log "GET /api/auth/admin/all-conversations/ HTTP/1.1" 500 27223
ERROR 2026-04-07 10:50:03,995 log Internal Server Error: /api/auth/admin/logs/escrow/
Traceback (most recent call last):
  File "C:\Users\HomePC\Desktop\FREELANCING_AIMPROJECT\backend\venv\Lib\site-packages\django\db\backends\utils.py", line 105, in _execute
    return self.cursor.execute(sql, params)
           ^^^^^^^^^^^^^^^^^^^^^^^^^^^^^^^^
  File "C:\Users\HomePC\Desktop\FREELANCING_AIMPROJECT\backend\venv\Lib\site-packages\django\db\backends\sqlite3\base.py", line 359, in execute
    return super().execute(query, params)
           ^^^^^^^^^^^^^^^^^^^^^^^^^^^^^^
sqlite3.OperationalError: no such column: authentication_user.termination_reason

The above exception was the direct cause of the following exception:

Traceback (most recent call last):
  File "C:\Users\HomePC\Desktop\FREELANCING_AIMPROJECT\backend\venv\Lib\site-packages\django\core\handlers\exception.py", line 55, in inner
    response = get_response(request)
               ^^^^^^^^^^^^^^^^^^^^^
  File "C:\Users\HomePC\Desktop\FREELANCING_AIMPROJECT\backend\venv\Lib\site-packages\django\core\handlers\base.py", line 198, in _get_response
    response = wrapped_callback(request, *callback_args, **callback_kwargs)
               ^^^^^^^^^^^^^^^^^^^^^^^^^^^^^^^^^^^^^^^^^^^^^^^^^^^^^^^^^^^^
  File "C:\Users\HomePC\Desktop\FREELANCING_AIMPROJECT\backend\venv\Lib\site-packages\django\views\decorators\csrf.py", line 65, in _view_wrapper
    return view_func(request, *args, **kwargs)
           ^^^^^^^^^^^^^^^^^^^^^^^^^^^^^^^^^^^
  File "C:\Users\HomePC\Desktop\FREELANCING_AIMPROJECT\backend\venv\Lib\site-packages\django\views\generic\base.py", line 106, in view
    return self.dispatch(request, *args, **kwargs)
           ^^^^^^^^^^^^^^^^^^^^^^^^^^^^^^^^^^^^^^^
  File "C:\Users\HomePC\Desktop\FREELANCING_AIMPROJECT\backend\venv\Lib\site-packages\rest_framework\views.py", line 515, in dispatch
    response = self.handle_exception(exc)
               ^^^^^^^^^^^^^^^^^^^^^^^^^^
  File "C:\Users\HomePC\Desktop\FREELANCING_AIMPROJECT\backend\venv\Lib\site-packages\rest_framework\views.py", line 475, in handle_exception
    self.raise_uncaught_exception(exc)
  File "C:\Users\HomePC\Desktop\FREELANCING_AIMPROJECT\backend\venv\Lib\site-packages\rest_framework\views.py", line 486, in raise_uncaught_exception
    raise exc
  File "C:\Users\HomePC\Desktop\FREELANCING_AIMPROJECT\backend\venv\Lib\site-packages\rest_framework\views.py", line 503, in dispatch
    self.initial(request, *args, **kwargs)
  File "C:\Users\HomePC\Desktop\FREELANCING_AIMPROJECT\backend\venv\Lib\site-packages\rest_framework\views.py", line 420, in initial
    self.perform_authentication(request)
  File "C:\Users\HomePC\Desktop\FREELANCING_AIMPROJECT\backend\venv\Lib\site-packages\rest_framework\views.py", line 330, in perform_authentication
    request.user
  File "C:\Users\HomePC\Desktop\FREELANCING_AIMPROJECT\backend\venv\Lib\site-packages\rest_framework\request.py", line 232, in user
    self._authenticate()
  File "C:\Users\HomePC\Desktop\FREELANCING_AIMPROJECT\backend\venv\Lib\site-packages\rest_framework\request.py", line 385, in _authenticate
    user_auth_tuple = authenticator.authenticate(self)
                      ^^^^^^^^^^^^^^^^^^^^^^^^^^^^^^^^
  File "C:\Users\HomePC\Desktop\FREELANCING_AIMPROJECT\backend\venv\Lib\site-packages\rest_framework_simplejwt\authentication.py", line 51, in authenticate
    return self.get_user(validated_token), validated_token
           ^^^^^^^^^^^^^^^^^^^^^^^^^^^^^^
  File "C:\Users\HomePC\Desktop\FREELANCING_AIMPROJECT\backend\venv\Lib\site-packages\rest_framework_simplejwt\authentication.py", line 130, in get_user
    user = self.user_model.objects.get(**{api_settings.USER_ID_FIELD: user_id})
           ^^^^^^^^^^^^^^^^^^^^^^^^^^^^^^^^^^^^^^^^^^^^^^^^^^^^^^^^^^^^^^^^^^^^
  File "C:\Users\HomePC\Desktop\FREELANCING_AIMPROJECT\backend\venv\Lib\site-packages\django\db\models\manager.py", line 87, in manager_method
    return getattr(self.get_queryset(), name)(*args, **kwargs)
           ^^^^^^^^^^^^^^^^^^^^^^^^^^^^^^^^^^^^^^^^^^^^^^^^^^^
  File "C:\Users\HomePC\Desktop\FREELANCING_AIMPROJECT\backend\venv\Lib\site-packages\django\db\models\query.py", line 635, in get
    num = len(clone)
          ^^^^^^^^^^
  File "C:\Users\HomePC\Desktop\FREELANCING_AIMPROJECT\backend\venv\Lib\site-packages\django\db\models\query.py", line 372, in __len__
    self._fetch_all()
  File "C:\Users\HomePC\Desktop\FREELANCING_AIMPROJECT\backend\venv\Lib\site-packages\django\db\models\query.py", line 2000, in _fetch_all
    self._result_cache = list(self._iterable_class(self))
                         ^^^^^^^^^^^^^^^^^^^^^^^^^^^^^^^^
  File "C:\Users\HomePC\Desktop\FREELANCING_AIMPROJECT\backend\venv\Lib\site-packages\django\db\models\query.py", line 95, in __iter__
    results = compiler.execute_sql(
              ^^^^^^^^^^^^^^^^^^^^^
  File "C:\Users\HomePC\Desktop\FREELANCING_AIMPROJECT\backend\venv\Lib\site-packages\django\db\models\sql\compiler.py", line 1624, in execute_sql
    cursor.execute(sql, params)
  File "C:\Users\HomePC\Desktop\FREELANCING_AIMPROJECT\backend\venv\Lib\site-packages\django\db\backends\utils.py", line 122, in execute
    return super().execute(sql, params)
           ^^^^^^^^^^^^^^^^^^^^^^^^^^^^
  File "C:\Users\HomePC\Desktop\FREELANCING_AIMPROJECT\backend\venv\Lib\site-packages\django\db\backends\utils.py", line 79, in execute
    return self._execute_with_wrappers(
           ^^^^^^^^^^^^^^^^^^^^^^^^^^^^
  File "C:\Users\HomePC\Desktop\FREELANCING_AIMPROJECT\backend\venv\Lib\site-packages\django\db\backends\utils.py", line 92, in _execute_with_wrappers
    return executor(sql, params, many, context)
           ^^^^^^^^^^^^^^^^^^^^^^^^^^^^^^^^^^^^
  File "C:\Users\HomePC\Desktop\FREELANCING_AIMPROJECT\backend\venv\Lib\site-packages\django\db\backends\utils.py", line 100, in _execute
    with self.db.wrap_database_errors:
  File "C:\Users\HomePC\Desktop\FREELANCING_AIMPROJECT\backend\venv\Lib\site-packages\django\db\utils.py", line 94, in __exit__
    raise dj_exc_value.with_traceback(traceback) from exc_value
  File "C:\Users\HomePC\Desktop\FREELANCING_AIMPROJECT\backend\venv\Lib\site-packages\django\db\backends\utils.py", line 105, in _execute
    return self.cursor.execute(sql, params)
           ^^^^^^^^^^^^^^^^^^^^^^^^^^^^^^^^
  File "C:\Users\HomePC\Desktop\FREELANCING_AIMPROJECT\backend\venv\Lib\site-packages\django\db\backends\sqlite3\base.py", line 359, in execute
    return super().execute(query, params)
           ^^^^^^^^^^^^^^^^^^^^^^^^^^^^^^
django.db.utils.OperationalError: no such column: authentication_user.termination_reason
ERROR 2026-04-07 10:50:04,044 log "GET /api/auth/admin/logs/escrow/ HTTP/1.1" 500 27189
INFO 2026-04-07 10:50:46,330 autoreload C:\Users\HomePC\Desktop\FREELANCING_AIMPROJECT\backend\authentication\views.py changed, reloading.
INFO 2026-04-07 10:50:49,683 autoreload Watching for file changes with StatReloader
INFO 2026-04-07 10:51:08,533 log "GET /api/auth/profile/ HTTP/1.1" 200 352
INFO 2026-04-07 10:51:08,704 log "GET /api/transactions/?page_size=200 HTTP/1.1" 200 52
INFO 2026-04-07 10:51:08,707 log "GET /api/transactions/disputes/ HTTP/1.1" 200 451
INFO 2026-04-07 10:51:08,722 log "GET /api/v1/verification/demos/ HTTP/1.1" 200 52
INFO 2026-04-07 10:51:08,755 log "GET /api/auth/admin/stats/ HTTP/1.1" 200 218
INFO 2026-04-07 10:51:08,811 log "GET /api/auth/admin/logs/escrow/ HTTP/1.1" 200 2
INFO 2026-04-07 10:51:08,821 log "GET /api/listings/?page_size=200 HTTP/1.1" 200 657
INFO 2026-04-07 10:51:08,830 log "GET /api/auth/admin/logs/stakes/ HTTP/1.1" 200 2
INFO 2026-04-07 10:51:08,836 log "GET /api/auth/admin/all-conversations/ HTTP/1.1" 200 504
INFO 2026-04-07 10:51:09,015 log "GET /api/auth/admin/users/ HTTP/1.1" 200 11072
INFO 2026-04-07 10:51:09,939 log "GET /api/v1/verification/demos/ HTTP/1.1" 200 52
INFO 2026-04-07 10:51:09,944 log "GET /api/transactions/?page_size=200 HTTP/1.1" 200 52
INFO 2026-04-07 10:51:09,981 log "GET /api/transactions/disputes/ HTTP/1.1" 200 451
INFO 2026-04-07 10:51:10,025 log "GET /api/auth/admin/logs/stakes/ HTTP/1.1" 200 2
INFO 2026-04-07 10:51:10,042 log "GET /api/listings/?page_size=200 HTTP/1.1" 200 657
INFO 2026-04-07 10:51:10,051 log "GET /api/auth/admin/logs/escrow/ HTTP/1.1" 200 2
INFO 2026-04-07 10:51:10,099 log "GET /api/auth/admin/all-conversations/ HTTP/1.1" 200 504
INFO 2026-04-07 10:51:10,099 log "GET /api/auth/admin/stats/ HTTP/1.1" 200 218
INFO 2026-04-07 10:51:10,154 log "GET /api/v1/verification/demos/ HTTP/1.1" 200 52
INFO 2026-04-07 10:51:10,159 log "GET /api/transactions/disputes/ HTTP/1.1" 200 451
INFO 2026-04-07 10:51:10,182 log "GET /api/transactions/?page_size=200 HTTP/1.1" 200 52
INFO 2026-04-07 10:51:10,210 log "GET /api/auth/admin/logs/stakes/ HTTP/1.1" 200 2
INFO 2026-04-07 10:51:10,233 log "GET /api/auth/admin/logs/escrow/ HTTP/1.1" 200 2
INFO 2026-04-07 10:51:10,297 log "GET /api/auth/admin/all-conversations/ HTTP/1.1" 200 504
INFO 2026-04-07 10:51:10,321 log "GET /api/listings/?page_size=200 HTTP/1.1" 200 657
INFO 2026-04-07 10:51:10,341 log "GET /api/auth/admin/stats/ HTTP/1.1" 200 218
INFO 2026-04-07 10:51:10,370 log "GET /api/auth/admin/users/ HTTP/1.1" 200 11072
INFO 2026-04-07 10:51:10,518 log "GET /api/auth/admin/users/ HTTP/1.1" 200 11072
INFO 2026-04-07 10:52:29,545 log "GET /api/v1/verification/demos/ HTTP/1.1" 200 52
INFO 2026-04-07 10:52:29,553 log "GET /api/transactions/?page_size=200 HTTP/1.1" 200 52
INFO 2026-04-07 10:52:29,560 log "GET /api/transactions/disputes/ HTTP/1.1" 200 451
INFO 2026-04-07 10:52:29,638 log "GET /api/auth/admin/logs/stakes/ HTTP/1.1" 200 2
INFO 2026-04-07 10:52:29,654 log "GET /api/auth/admin/logs/escrow/ HTTP/1.1" 200 2
INFO 2026-04-07 10:52:29,691 log "GET /api/listings/?page_size=200 HTTP/1.1" 200 657
INFO 2026-04-07 10:52:29,706 log "GET /api/auth/admin/stats/ HTTP/1.1" 200 218
INFO 2026-04-07 10:52:29,771 log "GET /api/auth/admin/all-conversations/ HTTP/1.1" 200 504
INFO 2026-04-07 10:52:29,832 log "GET /api/auth/admin/users/ HTTP/1.1" 200 11072
INFO 2026-04-07 10:53:54,076 log "GET /api/auth/profile/ HTTP/1.1" 200 352
INFO 2026-04-07 10:53:54,213 log "GET /api/v1/verification/demos/ HTTP/1.1" 200 52
INFO 2026-04-07 10:53:54,230 log "GET /api/transactions/?page_size=200 HTTP/1.1" 200 52
INFO 2026-04-07 10:53:54,279 log "GET /api/transactions/disputes/ HTTP/1.1" 200 451
INFO 2026-04-07 10:53:54,383 log "GET /api/auth/admin/all-conversations/ HTTP/1.1" 200 504
INFO 2026-04-07 10:53:54,385 log "GET /api/auth/admin/stats/ HTTP/1.1" 200 218
INFO 2026-04-07 10:53:54,423 log "GET /api/auth/admin/logs/stakes/ HTTP/1.1" 200 2
INFO 2026-04-07 10:53:54,450 log "GET /api/listings/?page_size=200 HTTP/1.1" 200 657
INFO 2026-04-07 10:53:54,478 log "GET /api/auth/admin/logs/escrow/ HTTP/1.1" 200 2
INFO 2026-04-07 10:53:54,618 log "GET /api/auth/admin/users/ HTTP/1.1" 200 11072
INFO 2026-04-07 10:53:55,159 log "GET /api/v1/verification/demos/ HTTP/1.1" 200 52
INFO 2026-04-07 10:53:55,290 log "GET /api/transactions/?page_size=200 HTTP/1.1" 200 52
INFO 2026-04-07 10:53:55,299 log "GET /api/transactions/disputes/ HTTP/1.1" 200 451
INFO 2026-04-07 10:53:55,432 log "GET /api/auth/admin/stats/ HTTP/1.1" 200 218
INFO 2026-04-07 10:53:55,444 log "GET /api/auth/admin/all-conversations/ HTTP/1.1" 200 504
INFO 2026-04-07 10:53:55,515 log "GET /api/auth/admin/logs/stakes/ HTTP/1.1" 200 2
INFO 2026-04-07 10:53:55,613 log "GET /api/v1/verification/demos/ HTTP/1.1" 200 52
INFO 2026-04-07 10:53:55,640 log "GET /api/auth/admin/logs/escrow/ HTTP/1.1" 200 2
INFO 2026-04-07 10:53:55,665 log "GET /api/listings/?page_size=200 HTTP/1.1" 200 657
INFO 2026-04-07 10:53:55,666 log "GET /api/transactions/?page_size=200 HTTP/1.1" 200 52
INFO 2026-04-07 10:53:55,790 log "GET /api/auth/admin/logs/escrow/ HTTP/1.1" 200 2
INFO 2026-04-07 10:53:55,825 log "GET /api/transactions/disputes/ HTTP/1.1" 200 451
INFO 2026-04-07 10:53:55,964 log "GET /api/auth/admin/logs/stakes/ HTTP/1.1" 200 2
INFO 2026-04-07 10:53:55,980 log "GET /api/auth/admin/stats/ HTTP/1.1" 200 218
INFO 2026-04-07 10:53:56,091 log "GET /api/auth/admin/all-conversations/ HTTP/1.1" 200 504
INFO 2026-04-07 10:53:56,091 log "GET /api/listings/?page_size=200 HTTP/1.1" 200 657
INFO 2026-04-07 10:53:56,109 log "GET /api/auth/admin/users/ HTTP/1.1" 200 11072
INFO 2026-04-07 10:53:56,766 log "GET /api/auth/admin/users/ HTTP/1.1" 200 11072
INFO 2026-04-07 14:41:32,317 autoreload Watching for file changes with StatReloader
WARNING 2026-04-07 14:41:45,915 log Not Found: /api/v1/users/stats/
WARNING 2026-04-07 14:41:45,918 log "GET /api/v1/users/stats/ HTTP/1.1" 404 3797
INFO 2026-04-07 14:41:46,438 basehttp - Broken pipe from ('127.0.0.1', 52262)
INFO 2026-04-08 11:02:05,668 autoreload Watching for file changes with StatReloader
INFO 2026-04-10 09:21:42,393 autoreload Watching for file changes with StatReloader
WARNING 2026-04-10 09:22:52,561 log Unauthorized: /api/auth/profile/
WARNING 2026-04-10 09:22:52,568 log "GET /api/auth/profile/ HTTP/1.1" 401 58
WARNING 2026-04-10 09:23:33,544 log Unauthorized: /api/auth/profile/
WARNING 2026-04-10 09:23:33,545 log "GET /api/auth/profile/ HTTP/1.1" 401 58
INFO 2026-04-10 09:26:55,166 log "OPTIONS /api/auth/login/ HTTP/1.1" 200 0
INFO 2026-04-10 09:26:58,643 log "POST /api/auth/login/ HTTP/1.1" 200 853
INFO 2026-04-10 09:26:58,664 log "OPTIONS /api/auth/logout/ HTTP/1.1" 200 0
INFO 2026-04-10 09:26:58,753 log "POST /api/auth/logout/ HTTP/1.1" 200 37
WARNING 2026-04-10 09:27:58,969 log Bad Request: /api/auth/login/
WARNING 2026-04-10 09:27:58,970 log "POST /api/auth/login/ HTTP/1.1" 400 44
INFO 2026-04-10 09:29:04,878 log "POST /api/auth/login/ HTTP/1.1" 200 853
INFO 2026-04-10 09:29:05,000 log "POST /api/auth/logout/ HTTP/1.1" 200 37
INFO 2026-04-10 09:29:44,262 log "POST /api/auth/login/ HTTP/1.1" 200 853
INFO 2026-04-10 09:29:44,633 log "POST /api/auth/logout/ HTTP/1.1" 200 37
INFO 2026-04-10 09:30:02,572 log "GET /admin HTTP/1.1" 301 0
INFO 2026-04-10 09:30:02,894 log "GET /admin/ HTTP/1.1" 302 0
INFO 2026-04-10 09:30:03,410 log "GET /admin/login/?next=/admin/ HTTP/1.1" 200 4079
INFO 2026-04-10 09:30:04,300 log "GET /static/admin/css/dark_mode.css HTTP/1.1" 200 3538
INFO 2026-04-10 09:30:04,319 log "GET /static/admin/css/base.css HTTP/1.1" 200 23100
INFO 2026-04-10 09:30:04,424 log "GET /static/admin/js/theme.js HTTP/1.1" 200 1653
INFO 2026-04-10 09:30:04,503 log "GET /static/admin/js/nav_sidebar.js HTTP/1.1" 200 3063
INFO 2026-04-10 09:30:04,790 log "GET /static/admin/css/login.css HTTP/1.1" 200 951
INFO 2026-04-10 09:30:04,821 log "GET /static/admin/css/responsive.css HTTP/1.1" 200 16273
INFO 2026-04-10 09:30:04,840 log "GET /static/admin/css/nav_sidebar.css HTTP/1.1" 200 2810
WARNING 2026-04-10 09:30:05,004 log Not Found: /favicon.ico
WARNING 2026-04-10 09:30:05,007 log "GET /favicon.ico HTTP/1.1" 404 3773
INFO 2026-04-10 09:30:21,198 log "POST /admin/login/?next=/admin/ HTTP/1.1" 302 0
INFO 2026-04-10 09:30:21,598 log "GET /admin/ HTTP/1.1" 200 15666
INFO 2026-04-10 09:30:21,777 log "GET /static/admin/img/icon-addlink.svg HTTP/1.1" 200 593
INFO 2026-04-10 09:30:21,781 log "GET /static/admin/css/dashboard.css HTTP/1.1" 200 441
INFO 2026-04-10 09:30:21,783 log "GET /static/admin/img/icon-changelink.svg HTTP/1.1" 200 978
WARNING 2026-04-10 09:30:35,990 log Unauthorized: /api/auth/profile/
WARNING 2026-04-10 09:30:35,993 log "GET /api/auth/profile/ HTTP/1.1" 401 58
INFO 2026-04-10 09:31:21,417 log "POST /api/auth/login/ HTTP/1.1" 200 853
INFO 2026-04-10 09:31:21,545 log "POST /api/auth/logout/ HTTP/1.1" 200 37
INFO 2026-04-10 09:31:53,072 log "POST /api/auth/login/ HTTP/1.1" 200 853
INFO 2026-04-10 09:31:53,219 log "POST /api/auth/logout/ HTTP/1.1" 200 37
WARNING 2026-04-10 09:32:23,223 log Unauthorized: /api/auth/profile/
WARNING 2026-04-10 09:32:23,232 log "GET /api/auth/profile/ HTTP/1.1" 401 58
WARNING 2026-04-10 09:33:10,409 log Unauthorized: /api/auth/profile/
WARNING 2026-04-10 09:33:10,411 log "GET /api/auth/profile/ HTTP/1.1" 401 58
INFO 2026-04-10 09:33:56,146 log "POST /api/auth/login/ HTTP/1.1" 200 853
INFO 2026-04-10 09:33:58,181 log "OPTIONS /api/auth/admin/stats/ HTTP/1.1" 200 0
INFO 2026-04-10 09:33:58,183 log "OPTIONS /api/transactions/disputes/ HTTP/1.1" 200 0
INFO 2026-04-10 09:33:58,217 log "OPTIONS /api/listings/?page_size=200 HTTP/1.1" 200 0
INFO 2026-04-10 09:33:58,231 log "OPTIONS /api/transactions/?page_size=200 HTTP/1.1" 200 0
INFO 2026-04-10 09:33:58,276 log "OPTIONS /api/v1/verification/demos/ HTTP/1.1" 200 0
INFO 2026-04-10 09:33:58,293 log "OPTIONS /api/auth/admin/users/ HTTP/1.1" 200 0
INFO 2026-04-10 09:33:58,294 log "OPTIONS /api/auth/admin/all-conversations/ HTTP/1.1" 200 0
INFO 2026-04-10 09:33:58,325 log "OPTIONS /api/auth/admin/logs/stakes/ HTTP/1.1" 200 0
INFO 2026-04-10 09:33:58,327 log "GET /api/transactions/disputes/ HTTP/1.1" 200 52
INFO 2026-04-10 09:33:58,505 log "GET /api/auth/admin/all-conversations/ HTTP/1.1" 200 2
INFO 2026-04-10 09:33:58,540 log "GET /api/transactions/?page_size=200 HTTP/1.1" 200 52
INFO 2026-04-10 09:33:58,557 log "OPTIONS /api/auth/admin/logs/escrow/ HTTP/1.1" 200 0
INFO 2026-04-10 09:33:58,621 log "GET /api/auth/admin/stats/ HTTP/1.1" 200 218
INFO 2026-04-10 09:33:58,712 log "GET /api/transactions/disputes/ HTTP/1.1" 200 52
INFO 2026-04-10 09:33:58,731 log "GET /api/transactions/?page_size=200 HTTP/1.1" 200 52
INFO 2026-04-10 09:33:58,834 log "GET /api/auth/admin/logs/escrow/ HTTP/1.1" 200 2
INFO 2026-04-10 09:33:58,941 log "GET /api/v1/verification/demos/ HTTP/1.1" 200 13345
INFO 2026-04-10 09:33:58,954 log "GET /api/auth/admin/all-conversations/ HTTP/1.1" 200 2
INFO 2026-04-10 09:33:59,093 log "GET /api/auth/admin/logs/escrow/ HTTP/1.1" 200 2
INFO 2026-04-10 09:33:59,194 log "GET /api/v1/verification/demos/ HTTP/1.1" 200 13345
INFO 2026-04-10 09:33:59,304 log "GET /api/auth/admin/stats/ HTTP/1.1" 200 218
INFO 2026-04-10 09:33:59,581 log "GET /api/listings/?page_size=200 HTTP/1.1" 200 10930
INFO 2026-04-10 09:33:59,744 log "GET /api/auth/admin/users/ HTTP/1.1" 200 11663
INFO 2026-04-10 09:33:59,799 log "GET /api/auth/admin/logs/stakes/ HTTP/1.1" 200 3883
INFO 2026-04-10 09:34:00,228 log "GET /api/listings/?page_size=200 HTTP/1.1" 200 10930
INFO 2026-04-10 09:34:00,551 log "GET /api/auth/admin/users/ HTTP/1.1" 200 11663
INFO 2026-04-10 09:34:00,563 log "GET /api/auth/admin/logs/stakes/ HTTP/1.1" 200 3883
INFO 2026-04-10 09:43:55,959 autoreload C:\Users\HomePC\Desktop\FREELANCING_AIMPROJECT\backend\authentication\serializers.py changed, reloading.
INFO 2026-04-10 09:43:59,954 autoreload Watching for file changes with StatReloader
INFO 2026-04-10 09:44:25,016 autoreload C:\Users\HomePC\Desktop\FREELANCING_AIMPROJECT\backend\authentication\views.py changed, reloading.
INFO 2026-04-10 09:44:28,596 autoreload Watching for file changes with StatReloader
INFO 2026-04-10 09:44:47,138 autoreload C:\Users\HomePC\Desktop\FREELANCING_AIMPROJECT\backend\authentication\views.py changed, reloading.
INFO 2026-04-10 09:44:50,783 autoreload Watching for file changes with StatReloader
INFO 2026-04-10 09:45:12,609 autoreload C:\Users\HomePC\Desktop\FREELANCING_AIMPROJECT\backend\authentication\views.py changed, reloading.
INFO 2026-04-10 09:45:16,139 autoreload Watching for file changes with StatReloader
INFO 2026-04-10 10:46:59,109 log "OPTIONS /api/bounties/?status=open HTTP/1.1" 200 0
INFO 2026-04-10 10:46:59,109 log "OPTIONS /api/bounties/?status=open HTTP/1.1" 200 0
WARNING 2026-04-10 10:46:59,150 log Unauthorized: /api/bounties/
WARNING 2026-04-10 10:46:59,151 log "GET /api/bounties/?status=open HTTP/1.1" 401 172
WARNING 2026-04-10 10:46:59,155 log Unauthorized: /api/bounties/
WARNING 2026-04-10 10:46:59,156 log "GET /api/bounties/?status=open HTTP/1.1" 401 172
INFO 2026-04-10 10:46:59,162 log "OPTIONS /api/auth/token/refresh/ HTTP/1.1" 200 0
INFO 2026-04-10 10:46:59,166 log "OPTIONS /api/auth/token/refresh/ HTTP/1.1" 200 0
INFO 2026-04-10 10:46:59,226 log "POST /api/auth/token/refresh/ HTTP/1.1" 200 486
INFO 2026-04-10 10:46:59,256 log "POST /api/auth/token/refresh/ HTTP/1.1" 200 486
INFO 2026-04-10 10:46:59,272 log "GET /api/bounties/?status=open HTTP/1.1" 200 52
INFO 2026-04-10 10:46:59,284 log "GET /api/bounties/?status=open HTTP/1.1" 200 52
INFO 2026-04-10 10:47:01,580 log "OPTIONS /api/listings/?page=1&ordering=-created_at HTTP/1.1" 200 0
INFO 2026-04-10 10:47:01,580 log "OPTIONS /api/listings/?page=1&ordering=-created_at HTTP/1.1" 200 0
INFO 2026-04-10 10:47:01,640 log "GET /api/listings/?page=1&ordering=-created_at HTTP/1.1" 200 10930
INFO 2026-04-10 10:47:01,694 log "GET /api/listings/?page=1&ordering=-created_at HTTP/1.1" 200 10930
INFO 2026-04-10 10:47:02,025 log "GET /api/listings/?page=1&ordering=-created_at HTTP/1.1" 200 10930
INFO 2026-04-10 10:48:54,395 log "OPTIONS /api/auth/profile/ HTTP/1.1" 200 0
INFO 2026-04-10 10:48:54,402 log "GET /api/auth/profile/ HTTP/1.1" 200 398
INFO 2026-04-10 10:48:55,214 log "GET /api/transactions/disputes/ HTTP/1.1" 200 52
INFO 2026-04-10 10:48:55,243 log "GET /api/transactions/?page_size=200 HTTP/1.1" 200 52
INFO 2026-04-10 10:48:55,250 log "GET /api/auth/admin/all-conversations/ HTTP/1.1" 200 2
INFO 2026-04-10 10:48:55,283 log "GET /api/auth/admin/stats/ HTTP/1.1" 200 218
INFO 2026-04-10 10:48:55,291 log "GET /api/auth/admin/logs/escrow/ HTTP/1.1" 200 2
INFO 2026-04-10 10:48:55,332 log "GET /api/auth/admin/users/ HTTP/1.1" 200 11883
INFO 2026-04-10 10:48:55,333 log "GET /api/auth/admin/logs/stakes/ HTTP/1.1" 200 3883
INFO 2026-04-10 10:48:55,352 log "GET /api/v1/verification/demos/ HTTP/1.1" 200 13345
INFO 2026-04-10 10:48:55,382 log "GET /api/listings/?page_size=200 HTTP/1.1" 200 10930
INFO 2026-04-10 10:49:13,653 log "GET /api/auth/profile/ HTTP/1.1" 200 398
INFO 2026-04-10 10:49:14,173 log "GET /api/transactions/?page_size=200 HTTP/1.1" 200 52
INFO 2026-04-10 10:49:14,175 log "GET /api/transactions/disputes/ HTTP/1.1" 200 52
INFO 2026-04-10 10:49:14,230 log "GET /api/auth/admin/users/ HTTP/1.1" 200 11883
INFO 2026-04-10 10:49:14,297 log "GET /api/auth/admin/all-conversations/ HTTP/1.1" 200 2
INFO 2026-04-10 10:49:14,298 log "GET /api/auth/admin/logs/stakes/ HTTP/1.1" 200 3883
INFO 2026-04-10 10:49:14,322 log "GET /api/auth/admin/stats/ HTTP/1.1" 200 218
INFO 2026-04-10 10:49:14,325 log "GET /api/v1/verification/demos/ HTTP/1.1" 200 13345
INFO 2026-04-10 10:49:14,326 log "GET /api/auth/admin/logs/escrow/ HTTP/1.1" 200 2
INFO 2026-04-10 10:49:14,373 log "GET /api/listings/?page_size=200 HTTP/1.1" 200 10930
WARNING 2026-04-10 10:49:20,990 log Bad Request: /api/auth/logout/
WARNING 2026-04-10 10:49:20,991 log "POST /api/auth/logout/ HTTP/1.1" 400 25
WARNING 2026-04-10 10:49:27,086 log Unauthorized: /api/auth/profile/
WARNING 2026-04-10 10:49:27,087 log "GET /api/auth/profile/ HTTP/1.1" 401 58
WARNING 2026-04-10 10:49:41,713 log Bad Request: /api/auth/login/
WARNING 2026-04-10 10:49:41,714 log "POST /api/auth/login/ HTTP/1.1" 400 44
WARNING 2026-04-10 10:50:25,705 log Bad Request: /api/auth/login/
WARNING 2026-04-10 10:50:25,706 log "POST /api/auth/login/ HTTP/1.1" 400 44
INFO 2026-04-10 10:51:51,812 log "POST /api/auth/login/ HTTP/1.1" 200 903
INFO 2026-04-10 10:51:51,831 log "GET /api/auth/admin/stats/ HTTP/1.1" 200 218
INFO 2026-04-10 10:51:51,885 log "GET /api/auth/admin/users/ HTTP/1.1" 200 11883
INFO 2026-04-10 10:52:17,594 log "POST /api/auth/login/ HTTP/1.1" 200 903
INFO 2026-04-10 10:52:17,631 log "POST /api/auth/logout/ HTTP/1.1" 200 37
INFO 2026-04-10 10:52:26,185 log "POST /api/auth/login/ HTTP/1.1" 200 903
INFO 2026-04-10 10:52:26,218 log "POST /api/auth/logout/ HTTP/1.1" 200 37
WARNING 2026-04-10 10:52:30,494 log Unauthorized: /api/auth/profile/
WARNING 2026-04-10 10:52:30,496 log "GET /api/auth/profile/ HTTP/1.1" 401 58
INFO 2026-04-10 10:52:34,497 log "POST /api/auth/login/ HTTP/1.1" 200 903
INFO 2026-04-10 10:52:34,534 log "POST /api/auth/logout/ HTTP/1.1" 200 37
INFO 2026-04-10 10:53:08,882 log "GET /api/listings/64ba680a-2d82-4a7e-b914-5d7526f08dc8/ HTTP/1.1" 200 2635
INFO 2026-04-10 10:53:08,916 log "GET /api/listings/64ba680a-2d82-4a7e-b914-5d7526f08dc8/ HTTP/1.1" 200 2635
INFO 2026-04-10 11:00:04,473 log "GET /api/listings/64ba680a-2d82-4a7e-b914-5d7526f08dc8/ HTTP/1.1" 200 2635
INFO 2026-04-10 11:12:12,014 log "POST /api/auth/login/ HTTP/1.1" 200 903
INFO 2026-04-10 11:12:12,049 log "GET /api/listings/64ba680a-2d82-4a7e-b914-5d7526f08dc8/ HTTP/1.1" 200 2635
INFO 2026-04-10 11:14:01,906 log "GET /api/listings/?page=1&ordering=-created_at HTTP/1.1" 200 10930
INFO 2026-04-10 11:14:01,957 log "GET /api/listings/?page=1&ordering=-created_at HTTP/1.1" 200 10930
INFO 2026-04-10 11:14:02,275 log "GET /api/listings/?page=1&ordering=-created_at HTTP/1.1" 200 10930
INFO 2026-04-10 11:14:03,518 log "GET /api/listings/a6676f2f-e366-496b-88cc-d2756d9f8bdf/ HTTP/1.1" 200 2419
INFO 2026-04-10 11:14:07,630 log "GET /api/listings/?page=1&ordering=-created_at HTTP/1.1" 200 10930
INFO 2026-04-10 11:14:07,673 log "GET /api/listings/?page=1&ordering=-created_at HTTP/1.1" 200 10930
INFO 2026-04-10 11:14:08,042 log "GET /api/listings/?page=1&ordering=-created_at HTTP/1.1" 200 10930
INFO 2026-04-10 11:14:10,717 log "GET /api/listings/2ac0a265-7e79-4ffb-ae8b-04e3481aa766/ HTTP/1.1" 200 2484
INFO 2026-04-10 11:14:29,399 log "GET /api/listings/?page=1&ordering=-created_at HTTP/1.1" 200 10930
INFO 2026-04-10 11:14:29,437 log "GET /api/listings/?page=1&ordering=-created_at HTTP/1.1" 200 10930
INFO 2026-04-10 11:14:29,801 log "GET /api/listings/?page=1&ordering=-created_at HTTP/1.1" 200 10930
INFO 2026-04-10 11:14:31,904 log "GET /api/listings/91152bb5-3b01-49f7-8c2c-fb58f875f5bf/ HTTP/1.1" 200 3337
INFO 2026-04-10 11:14:43,248 log "GET /api/bounties/?status=open HTTP/1.1" 200 52
INFO 2026-04-10 11:14:43,259 log "GET /api/bounties/?status=open HTTP/1.1" 200 52
INFO 2026-04-10 11:14:45,007 log "GET /api/listings/?page=1&ordering=-created_at HTTP/1.1" 200 10930
INFO 2026-04-10 11:14:45,043 log "GET /api/listings/?page=1&ordering=-created_at HTTP/1.1" 200 10930
INFO 2026-04-10 11:14:45,435 log "GET /api/listings/?page=1&ordering=-created_at HTTP/1.1" 200 10930
WARNING 2026-04-10 11:15:07,872 log Unauthorized: /api/auth/admin/stats/
WARNING 2026-04-10 11:15:07,875 log Unauthorized: /api/transactions/disputes/
WARNING 2026-04-10 11:15:07,876 log "GET /api/auth/admin/stats/ HTTP/1.1" 401 58
WARNING 2026-04-10 11:15:07,877 log "GET /api/transactions/disputes/ HTTP/1.1" 401 58
WARNING 2026-04-10 11:15:07,883 log Unauthorized: /api/auth/admin/all-conversations/
WARNING 2026-04-10 11:15:07,885 log Unauthorized: /api/auth/admin/logs/stakes/
WARNING 2026-04-10 11:15:07,887 log Unauthorized: /api/transactions/
WARNING 2026-04-10 11:15:07,895 log Unauthorized: /api/auth/admin/users/
WARNING 2026-04-10 11:15:07,896 log "GET /api/auth/admin/all-conversations/ HTTP/1.1" 401 58
WARNING 2026-04-10 11:15:07,897 log "GET /api/auth/admin/users/ HTTP/1.1" 401 58
WARNING 2026-04-10 11:15:07,897 log "GET /api/auth/admin/logs/stakes/ HTTP/1.1" 401 58
WARNING 2026-04-10 11:15:07,904 log "GET /api/transactions/?page_size=200 HTTP/1.1" 401 58
WARNING 2026-04-10 11:15:07,925 log Unauthorized: /api/auth/admin/logs/escrow/
WARNING 2026-04-10 11:15:07,930 log "GET /api/auth/admin/logs/escrow/ HTTP/1.1" 401 58
INFO 2026-04-10 11:15:07,943 log "GET /api/v1/verification/demos/ HTTP/1.1" 200 8138
INFO 2026-04-10 11:15:07,960 log "GET /api/listings/?page_size=200 HTTP/1.1" 200 10930
INFO 2026-04-10 11:53:53,978 log "OPTIONS /api/auth/login/ HTTP/1.1" 200 0
INFO 2026-04-10 11:53:55,282 log "POST /api/auth/login/ HTTP/1.1" 200 903
INFO 2026-04-10 11:53:55,293 log "OPTIONS /api/auth/logout/ HTTP/1.1" 200 0
INFO 2026-04-10 11:53:55,336 log "POST /api/auth/logout/ HTTP/1.1" 200 37
WARNING 2026-04-10 11:54:05,322 log Unauthorized: /api/auth/profile/
WARNING 2026-04-10 11:54:05,322 log "GET /api/auth/profile/ HTTP/1.1" 401 58
INFO 2026-04-10 11:54:10,046 log "POST /api/auth/login/ HTTP/1.1" 200 903
INFO 2026-04-10 11:54:10,084 log "POST /api/auth/logout/ HTTP/1.1" 200 37
WARNING 2026-04-10 11:54:13,940 log Unauthorized: /api/auth/profile/
WARNING 2026-04-10 11:54:13,941 log "GET /api/auth/profile/ HTTP/1.1" 401 58
INFO 2026-04-10 11:55:53,046 log "GET /api/listings/?featured=true&page=1 HTTP/1.1" 200 52
INFO 2026-04-10 11:55:53,071 log "GET /api/listings/?featured=true&page=1 HTTP/1.1" 200 52
INFO 2026-04-10 12:28:53,782 log "POST /api/auth/login/ HTTP/1.1" 200 903
WARNING 2026-04-10 12:36:04,794 log Unauthorized: /api/auth/profile/
WARNING 2026-04-10 12:36:04,799 log "GET /api/auth/profile/ HTTP/1.1" 401 58
INFO 2026-04-10 17:39:56,060 log "OPTIONS /api/auth/login/ HTTP/1.1" 200 0
INFO 2026-04-10 17:40:01,465 log "POST /api/auth/login/ HTTP/1.1" 200 903
INFO 2026-04-10 17:40:04,234 log "OPTIONS /api/auth/admin/stats/ HTTP/1.1" 200 0
INFO 2026-04-10 17:40:04,248 log "OPTIONS /api/transactions/disputes/ HTTP/1.1" 200 0
INFO 2026-04-10 17:40:04,263 log "OPTIONS /api/auth/admin/all-conversations/ HTTP/1.1" 200 0
INFO 2026-04-10 17:40:04,266 log "OPTIONS /api/listings/?page_size=200 HTTP/1.1" 200 0
INFO 2026-04-10 17:40:04,268 log "OPTIONS /api/transactions/?page_size=200 HTTP/1.1" 200 0
INFO 2026-04-10 17:40:04,268 log "OPTIONS /api/auth/admin/logs/stakes/ HTTP/1.1" 200 0
INFO 2026-04-10 17:40:04,322 log "OPTIONS /api/v1/verification/demos/ HTTP/1.1" 200 0
INFO 2026-04-10 17:40:04,351 log "OPTIONS /api/auth/admin/logs/escrow/ HTTP/1.1" 200 0
INFO 2026-04-10 17:40:04,385 log "OPTIONS /api/auth/admin/users/ HTTP/1.1" 200 0
INFO 2026-04-10 17:40:04,413 log "GET /api/auth/admin/all-conversations/ HTTP/1.1" 200 2
INFO 2026-04-10 17:40:04,496 log "GET /api/transactions/?page_size=200 HTTP/1.1" 200 52
INFO 2026-04-10 17:40:04,524 log "GET /api/transactions/disputes/ HTTP/1.1" 200 52
INFO 2026-04-10 17:40:04,561 log "GET /api/auth/admin/logs/escrow/ HTTP/1.1" 200 2
INFO 2026-04-10 17:40:04,615 log "GET /api/auth/admin/stats/ HTTP/1.1" 200 218
INFO 2026-04-10 17:40:04,653 log "GET /api/auth/admin/logs/stakes/ HTTP/1.1" 200 3883
INFO 2026-04-10 17:40:04,701 log "GET /api/auth/admin/users/ HTTP/1.1" 200 11883
INFO 2026-04-10 17:40:04,730 log "GET /api/v1/verification/demos/ HTTP/1.1" 200 13345
INFO 2026-04-10 17:40:04,762 log "GET /api/listings/?page_size=200 HTTP/1.1" 200 10930
INFO 2026-04-10 17:43:29,947 log "OPTIONS /api/listings/?page=1&ordering=-created_at HTTP/1.1" 200 0
INFO 2026-04-10 17:43:29,947 log "OPTIONS /api/listings/?page=1&ordering=-created_at HTTP/1.1" 200 0
INFO 2026-04-10 17:43:30,073 log "GET /api/listings/?page=1&ordering=-created_at HTTP/1.1" 200 10930
INFO 2026-04-10 17:43:30,160 log "GET /api/listings/?page=1&ordering=-created_at HTTP/1.1" 200 10930
INFO 2026-04-10 17:43:30,442 log "GET /api/listings/?page=1&ordering=-created_at HTTP/1.1" 200 10930
INFO 2026-04-10 17:43:33,671 log "OPTIONS /api/listings/64ba680a-2d82-4a7e-b914-5d7526f08dc8/ HTTP/1.1" 200 0
INFO 2026-04-10 17:43:33,762 log "GET /api/listings/64ba680a-2d82-4a7e-b914-5d7526f08dc8/ HTTP/1.1" 200 2635
INFO 2026-04-10 18:18:16,390 log "OPTIONS /api/bounties/?status=open HTTP/1.1" 200 0
INFO 2026-04-10 18:18:16,440 log "OPTIONS /api/bounties/?status=open HTTP/1.1" 200 0
INFO 2026-04-10 18:18:16,488 log "GET /api/bounties/?status=open HTTP/1.1" 200 52
INFO 2026-04-10 18:18:16,515 log "GET /api/bounties/?status=open HTTP/1.1" 200 52
INFO 2026-04-10 18:18:22,092 log "GET /api/listings/?page=1&ordering=-created_at HTTP/1.1" 200 10930
INFO 2026-04-10 18:18:22,223 log "GET /api/listings/?page=1&ordering=-created_at HTTP/1.1" 200 10930
INFO 2026-04-10 18:18:22,610 log "GET /api/listings/?page=1&ordering=-created_at HTTP/1.1" 200 10930
INFO 2026-04-10 18:18:28,313 log "GET /api/transactions/disputes/ HTTP/1.1" 200 52
INFO 2026-04-10 18:18:28,327 log "GET /api/transactions/?page_size=200 HTTP/1.1" 200 52
INFO 2026-04-10 18:18:28,398 log "GET /api/auth/admin/all-conversations/ HTTP/1.1" 200 2
INFO 2026-04-10 18:18:28,515 log "GET /api/auth/admin/stats/ HTTP/1.1" 200 218
INFO 2026-04-10 18:18:28,515 log "GET /api/auth/admin/users/ HTTP/1.1" 200 11883
INFO 2026-04-10 18:18:28,540 log "GET /api/auth/admin/logs/escrow/ HTTP/1.1" 200 2
INFO 2026-04-10 18:18:28,565 log "GET /api/auth/admin/logs/stakes/ HTTP/1.1" 200 3883
INFO 2026-04-10 18:18:28,613 log "GET /api/v1/verification/demos/ HTTP/1.1" 200 13345
INFO 2026-04-10 18:18:28,641 log "GET /api/listings/?page_size=200 HTTP/1.1" 200 10930
INFO 2026-04-11 23:18:14,893 log "OPTIONS /api/auth/logout/ HTTP/1.1" 200 0
WARNING 2026-04-11 23:18:14,973 log Unauthorized: /api/auth/logout/
WARNING 2026-04-11 23:18:14,976 log "POST /api/auth/logout/ HTTP/1.1" 401 172
INFO 2026-04-11 23:18:14,986 log "OPTIONS /api/auth/token/refresh/ HTTP/1.1" 200 0
WARNING 2026-04-11 23:18:15,005 log Unauthorized: /api/auth/token/refresh/
WARNING 2026-04-11 23:18:15,011 log "POST /api/auth/token/refresh/ HTTP/1.1" 401 54
INFO 2026-04-11 23:18:43,790 log "POST /api/auth/generate-username/ HTTP/1.1" 200 31
INFO 2026-04-11 23:19:39,672 log "OPTIONS /api/auth/register/ HTTP/1.1" 200 0
WARNING 2026-04-11 23:19:39,968 log Bad Request: /api/auth/register/
WARNING 2026-04-11 23:19:39,972 log "POST /api/auth/register/ HTTP/1.1" 400 45
INFO 2026-04-11 23:20:43,297 log "POST /api/auth/register/ HTTP/1.1" 201 1393
INFO 2026-04-11 23:20:43,632 log "OPTIONS /api/listings/?page=1&ordering=-created_at HTTP/1.1" 200 0
INFO 2026-04-11 23:20:43,647 log "OPTIONS /api/listings/?page=1&ordering=-created_at HTTP/1.1" 200 0
INFO 2026-04-11 23:20:43,768 log "GET /api/listings/?page=1&ordering=-created_at HTTP/1.1" 200 10930
INFO 2026-04-11 23:20:43,866 log "GET /api/listings/?page=1&ordering=-created_at HTTP/1.1" 200 10930
INFO 2026-04-11 23:20:44,055 log "GET /api/listings/?page=1&ordering=-created_at HTTP/1.1" 200 10930
INFO 2026-04-11 23:21:13,077 log "OPTIONS /api/auth/stats/ HTTP/1.1" 200 0
INFO 2026-04-11 23:21:13,077 log "OPTIONS /api/transactions/ HTTP/1.1" 200 0
INFO 2026-04-11 23:21:13,096 log "OPTIONS /api/auth/stats/ HTTP/1.1" 200 0
INFO 2026-04-11 23:21:13,098 log "OPTIONS /api/transactions/ HTTP/1.1" 200 0
INFO 2026-04-11 23:21:13,120 log "GET /api/transactions/ HTTP/1.1" 200 52
INFO 2026-04-11 23:21:13,148 log "GET /api/transactions/ HTTP/1.1" 200 52
INFO 2026-04-11 23:21:13,148 log "GET /api/auth/stats/ HTTP/1.1" 200 167
INFO 2026-04-11 23:21:13,176 log "GET /api/auth/stats/ HTTP/1.1" 200 167
INFO 2026-04-11 23:21:51,566 log "GET /api/listings/?page=1&ordering=-created_at HTTP/1.1" 200 10930
INFO 2026-04-11 23:21:51,759 log "GET /api/listings/?page=1&ordering=-created_at HTTP/1.1" 200 10930
INFO 2026-04-11 23:21:51,902 log "GET /api/listings/?page=1&ordering=-created_at HTTP/1.1" 200 10930
INFO 2026-04-11 23:21:53,225 log "OPTIONS /api/listings/a6676f2f-e366-496b-88cc-d2756d9f8bdf/ HTTP/1.1" 200 0
INFO 2026-04-11 23:21:53,302 log "GET /api/listings/a6676f2f-e366-496b-88cc-d2756d9f8bdf/ HTTP/1.1" 200 2419
INFO 2026-04-11 23:22:25,100 log "OPTIONS /api/transactions/mpesa/initiate/ HTTP/1.1" 200 0
ERROR 2026-04-11 23:22:25,379 log Bad Gateway: /api/transactions/mpesa/initiate/
ERROR 2026-04-11 23:22:25,381 log "POST /api/transactions/mpesa/initiate/ HTTP/1.1" 502 48
INFO 2026-04-11 23:25:07,730 log "OPTIONS /api/bounties/?status=open HTTP/1.1" 200 0
INFO 2026-04-11 23:25:07,730 log "OPTIONS /api/bounties/?status=open HTTP/1.1" 200 0
INFO 2026-04-11 23:25:07,764 log "GET /api/bounties/?status=open HTTP/1.1" 200 52
INFO 2026-04-11 23:25:07,791 log "GET /api/bounties/?status=open HTTP/1.1" 200 52
INFO 2026-04-12 02:39:19,625 autoreload C:\Users\HomePC\Desktop\FREELANCING_AIMPROJECT\backend\authentication\views.py changed, reloading.
INFO 2026-04-12 02:39:30,678 autoreload Watching for file changes with StatReloader
INFO 2026-04-12 02:39:54,375 log "OPTIONS /api/bounties/?status=open HTTP/1.1" 200 0
INFO 2026-04-12 02:39:54,375 log "OPTIONS /api/auth/profile/ HTTP/1.1" 200 0
WARNING 2026-04-12 02:39:54,454 log Unauthorized: /api/bounties/
WARNING 2026-04-12 02:39:54,454 log Unauthorized: /api/auth/profile/
WARNING 2026-04-12 02:39:54,458 log "GET /api/bounties/?status=open HTTP/1.1" 401 172
WARNING 2026-04-12 02:39:54,459 log "GET /api/auth/profile/ HTTP/1.1" 401 172
INFO 2026-04-12 02:39:54,469 log "OPTIONS /api/auth/token/refresh/ HTTP/1.1" 200 0
INFO 2026-04-12 02:39:54,473 log "OPTIONS /api/auth/token/refresh/ HTTP/1.1" 200 0
INFO 2026-04-12 02:39:54,555 log "POST /api/auth/token/refresh/ HTTP/1.1" 200 486
INFO 2026-04-12 02:39:54,580 log "POST /api/auth/token/refresh/ HTTP/1.1" 200 486
INFO 2026-04-12 02:39:54,596 log "GET /api/bounties/?status=open HTTP/1.1" 200 52
INFO 2026-04-12 02:39:54,634 log "GET /api/auth/profile/ HTTP/1.1" 200 867
INFO 2026-04-12 02:40:22,802 log "GET /api/auth/profile/ HTTP/1.1" 200 867
INFO 2026-04-12 02:40:22,815 log "GET /api/bounties/?status=open HTTP/1.1" 200 52
WARNING 2026-04-12 03:00:26,522 log Forbidden: /api/auth/login/
WARNING 2026-04-12 03:00:26,529 log "POST /api/auth/login/ HTTP/1.1" 403 61
WARNING 2026-04-12 03:00:26,630 log Not Found: /api/auth/admin/login/
WARNING 2026-04-12 03:00:26,633 log "POST /api/auth/admin/login/ HTTP/1.1" 404 10820
INFO 2026-04-12 04:38:24,259 autoreload Watching for file changes with StatReloader
WARNING 2026-04-12 04:39:22,015 log Forbidden: /api/auth/login/
WARNING 2026-04-12 04:39:22,016 log "POST /api/auth/login/ HTTP/1.1" 403 61
ERROR 2026-04-12 04:39:23,305 log Internal Server Error: /api/auth/admin/login/
Traceback (most recent call last):
  File "C:\Users\HomePC\Desktop\FREELANCING_AIMPROJECT\backend\venv\Lib\site-packages\django\core\handlers\exception.py", line 55, in inner
    response = get_response(request)
               ^^^^^^^^^^^^^^^^^^^^^
  File "C:\Users\HomePC\Desktop\FREELANCING_AIMPROJECT\backend\venv\Lib\site-packages\django\core\handlers\base.py", line 198, in _get_response
    response = wrapped_callback(request, *callback_args, **callback_kwargs)
               ^^^^^^^^^^^^^^^^^^^^^^^^^^^^^^^^^^^^^^^^^^^^^^^^^^^^^^^^^^^^
  File "C:\Users\HomePC\Desktop\FREELANCING_AIMPROJECT\backend\venv\Lib\site-packages\django\views\decorators\csrf.py", line 65, in _view_wrapper
    return view_func(request, *args, **kwargs)
           ^^^^^^^^^^^^^^^^^^^^^^^^^^^^^^^^^^^
  File "C:\Users\HomePC\Desktop\FREELANCING_AIMPROJECT\backend\venv\Lib\site-packages\django\views\generic\base.py", line 106, in view
    return self.dispatch(request, *args, **kwargs)
           ^^^^^^^^^^^^^^^^^^^^^^^^^^^^^^^^^^^^^^^
  File "C:\Users\HomePC\Desktop\FREELANCING_AIMPROJECT\backend\venv\Lib\site-packages\rest_framework\views.py", line 515, in dispatch
    response = self.handle_exception(exc)
               ^^^^^^^^^^^^^^^^^^^^^^^^^^
  File "C:\Users\HomePC\Desktop\FREELANCING_AIMPROJECT\backend\venv\Lib\site-packages\rest_framework\views.py", line 475, in handle_exception
    self.raise_uncaught_exception(exc)
  File "C:\Users\HomePC\Desktop\FREELANCING_AIMPROJECT\backend\venv\Lib\site-packages\rest_framework\views.py", line 486, in raise_uncaught_exception
    raise exc
  File "C:\Users\HomePC\Desktop\FREELANCING_AIMPROJECT\backend\venv\Lib\site-packages\rest_framework\views.py", line 512, in dispatch
    response = handler(request, *args, **kwargs)
               ^^^^^^^^^^^^^^^^^^^^^^^^^^^^^^^^^
  File "C:\Users\HomePC\Desktop\FREELANCING_AIMPROJECT\backend\authentication\views.py", line 146, in post
    UserLoginView.create_or_update_session(UserLoginView(), request, user)
    ^^^^^^^^^^^^^^^^^^^^^^^^^^^^^^^^^^^^^^
AttributeError: type object 'UserLoginView' has no attribute 'create_or_update_session'
ERROR 2026-04-12 04:39:23,315 log "POST /api/auth/admin/login/ HTTP/1.1" 500 102034
